Token,Tickers
1CAT,1CATUSDT
1DOLLAR,"1DOLLARUSDT, 1DOLLARUSDC"
1EX,1EXUSDT
1INCH,1INCHUSDT
2024PUMP,2024PUMPUSDT
2MOON,2MOONUSDT
3KM,3KMUSDT
3ULL,3ULLUSDT
4EVER,4EVERUSDT
5IRE,5IREUSDT
5SCAPE,5SCAPEUSDT
A1X,A1XUSDT
A47,A47USDT
A8,A8USDT
AA,AAUSDT
AAST,AASTUSDT
AAVE,"AAVEUSDT, AAVEUSDC"
AB,ABUSDT
ABBC,ABBCUSDT
ABC,ABCUSDT
ABEL,ABELUSDT
ABEY,ABEYUSDT
ABI,ABIUSDT
ABOND,ABONDUSDT
ABX,ABXUSDT
ACA,ACAUSDT
ACE,ACEUSDT
ACH,ACHUSDT
ACM,ACMUSDT
ACQ,ACQUSDT
ACS,ACSUSDT
ACT,ACTUSDT
ACTIVE,ACTIVEUSDT
ACX,ACXUSDT
AD,ADUSDT
ADA,"ADAUSDC, ADAUSDT"
ADN,ADNUSDT
ADS,ADSUSDT
AE,AEUSDT
AEGIS,AEGISUSDT
AERGO,AERGOUSDT
AERO,AEROUSDT
AEROBUD,AEROBUDUSDT
AES,AESUSDT
AEVO,AEVOUSDT
AFC,AFCUSDT
AGC,AGCUSDT
AGI,AGIUSDT
AGII,AGIIUSDT
AGIXT,AGIXTUSDT
AGLD,AGLDUSDT
AGNT,AGNTUSDT
AGON,AGONUSDT
AGRI,AGRIUSDT
AGRO,AGROUSDT
AGRS,AGRSUSDT
AI,AIUSDT
AI16Z,"AI16ZUSDC, AI16ZUSDT"
AI2,AI2USDT
AIA,AIAUSDT
AIAGENT,AIAGENTUSDT
AIAKITA,AIAKITAUSDT
AIAT,AIATUSDT
AIBB,AIBBUSDT
AIBERA,AIBERAUSDT
AIBRAIN,AIBRAINUSDT
AIC,AICUSDT
AICE,AICEUSDT
AICODE,AICODEUSDT
AICORE,AICOREUSDT
AIDEEPGAMES,AIDEEPGAMESUSDT
AIDOGE,AIDOGEUSDT
AIDOGEXLM,AIDOGEXLMUSDT
AIET,AIETUSDT
AIFUN,AIFUNUSDT
AIGO,AIGOUSDT
AIGPT,AIGPTUSDT
AIH,AIHUSDT
AIL,AILUSDT
AIMMT,AIMMTUSDT
AIMONICA,AIMONICAUSDT
AIMX,AIMXUSDT
AIN,AINUSDT
AINTI,AINTIUSDT
AINU,AINUUSDT
AIOS,AIOSUSDT
AIPAD,AIPADUSDT
AIPAY,AIPAYUSDT
AIPO,AIPOUSDT
AIPUMP,AIPUMPUSDT
AIRI,AIRIUSDT
AIST,AISTUSDT
AIT,AITUSDT
AITECH,AITECHUSDT
AITPROTOCOL,AITPROTOCOLUSDT
AIVA,AIVAUSDT
AIW,AIWUSDT
AIX9,AIX9USDT
AIXBT,"AIXBTUSDC, AIXBTUSDT"
AJUN,AJUNUSDT
AKA,AKAUSDT
AKITA,AKITAUSDT
AKITAX,AKITAXUSDT
AKUMA,AKUMAUSDT
AL,ALUSDT
ALCH,ALCHUSDT
ALE,ALEUSDT
ALEO,ALEOUSDT
ALEPH,ALEPHUSDT
ALEX,ALEXUSDT
ALGO,"ALGOUSDT, ALGOUSDC"
ALI,ALIUSDT
ALICE,ALICEUSDT
ALLIN,ALLINUSDT
ALM,ALMUSDT
ALON,ALONUSDT
ALPACA,ALPACAUSDT
ALPH,ALPHUSDT
ALPHA,ALPHAUSDT
ALPHAOFSOL,ALPHAOFSOLUSDT
ALPINE,ALPINEUSDT
ALT,ALTUSDT
ALTLAYER,ALTLAYERUSDT
ALU,ALUUSDT
ALVA,ALVAUSDT
AM,AMUSDT
AMB,AMBUSDT
AMC,AMCUSDT
AME,AMEUSDT
AMI,AMIUSDT
AMO,AMOUSDT
AMP,AMPUSDT
ANALOS,ANALOSUSDT
ANC,ANCUSDT
ANDYBSC,ANDYBSCUSDT
ANDYCOINBSC,ANDYCOINBSCUSDT
ANDYETH,ANDYETHUSDT
ANIME,ANIMEUSDT
ANKR,ANKRUSDT
ANLOG,ANLOGUSDT
ANON,ANONUSDT
ANON1,ANON1USDT
ANT,ANTUSDT
ANVL,ANVLUSDT
ANYONE,ANYONEUSDT
AO,AOUSDT
AOS,AOSUSDT
AP,APUSDT
AP3X,AP3XUSDT
APE,"APEUSDT, APEUSDC"
APED,APEDUSDT
APEPE,APEPEUSDT
APEX,APEXUSDT
APFC,APFCUSDT
APHBT,APHBTUSDT
API3,API3USDT
APN,APNUSDT
APP,APPUSDT
APT,"APTUSDC, APTUSDT"
APU,APUUSDT
APX,APXUSDT
AQA,AQAUSDT
AR,ARUSDT
ARB,ARBUSDT
ARBGPT,ARBGPTUSDT
ARC,ARCUSDT
ARCA,ARCAUSDT
ARCH,ARCHUSDT
ARCSOL,ARCSOLUSDT
AREA,AREAUSDT
ARG,ARGUSDT
ARIX,ARIXUSDT
ARK,ARKUSDT
ARKM,ARKMUSDT
ARKT,ARKTUSDT
ARMY,ARMYUSDT
ARPA,ARPAUSDT
ARRR,ARRRUSDT
ARS,ARSUSDT
ART,ARTUSDT
ARTFI,ARTFIUSDT
ARTY,ARTYUSDT
ARV,ARVUSDT
ASM,ASMUSDT
ASMATCH,ASMATCHUSDT
ASS,ASSUSDT
ASSAI,ASSAIUSDT
ASSIST,ASSISTUSDT
AST,ASTUSDT
ASTO,ASTOUSDT
ASTR,ASTRUSDT
ASTRA,ASTRAUSDT
ASTRAAI,ASTRAAIUSDT
ASTROS,ASTROSUSDT
ASV,ASVUSDT
ATAT,ATATUSDT
ATH,ATHUSDT
ATLAS,ATLASUSDT
ATN,ATNUSDT
ATNT,ATNTUSDT
ATOM,"ATOMUSDC, ATOMUSDT"
ATR,ATRUSDT
ATRS,ATRSUSDT
ATS,ATSUSDT
ATT,ATTUSDT
AUC,AUCUSDT
AUCTION,AUCTIONUSDT
AUKI,AUKIUSDT
AUR,AURUSDT
AURA,AURAUSDT
AURORA,AURORAUSDT
AUTO,AUTOUSDT
AUTOS,AUTOSUSDT
AVA,AVAUSDT
AVAAI,AVAAIUSDT
AVAIL,AVAILUSDT
AVALOX,AVALOXUSDT
AVAX,"AVAXUSDT, AVAXUSDC"
AVAXAI,AVAXAIUSDT
AVB,AVBUSDT
AVC,AVCUSDT
AVENTISAI,AVENTISAIUSDT
AVERY,AVERYUSDT
AVG,AVGUSDT
AVL,AVLUSDT
AVTM,AVTMUSDT
AWARE,AWAREUSDT
AX,AXUSDT
AXM,AXMUSDT
AXO,AXOUSDT
AXOL,AXOLUSDT
AXS,AXSUSDT
AYIN,AYINUSDT
AZC,AZCUSDT
AZERO,"AZEROUSDT, AZEROUSDC"
AZIT,AZITUSDT
AZUR,AZURUSDT
B3,B3USDT
BABY,"BABYUSDT, BABYUSDC"
BABYA,BABYAUSDT
BABYBNB,BABYBNBUSDT
BABYBONK,BABYBONKUSDT
BABYBTC,BABYBTCUSDT
BABYDOGE,"BABYDOGEUSDC, BABYDOGEUSDT"
BABYELON,BABYELONUSDT
BABYNEIRO,BABYNEIROUSDT
BABYNEIROBNB,BABYNEIROBNBUSDT
BABYSHARK,BABYSHARKUSDT
BABYSORA,BABYSORAUSDT
BABYTIGER,BABYTIGERUSDT
BAC,BACUSDT
BAD,BADUSDT
BADAI,BADAIUSDT
BADGER,BADGERUSDT
BAI,BAIUSDT
BAKE,BAKEUSDT
BAKED,BAKEDUSDT
BAL,BALUSDT
BALLZ,BALLZUSDT
BAN,BANUSDT
BANANA,BANANAUSDT
BANANAS31,BANANAS31USDT
BAR,BARUSDT
BARS,BARSUSDT
BARSIK,BARSIKUSDT
BASEDAI,BASEDAIUSDT
BASEDPEPE,BASEDPEPEUSDT
BAT,BATUSDT
BAX,BAXUSDT
BB,BBUSDT
BBB,BBBUSDT
BBF,BBFUSDT
BBL,BBLUSDT
BBT,BBTUSDT
BC,BCUSDT
BCB,BCBUSDT
BCCOIN,BCCOINUSDT
BCH,"BCHUSDT, BCHUSDC"
BCT,BCTUSDT
BCUT,BCUTUSDT
BCX,BCXUSDT
BDC,BDCUSDT
BDCA,BDCAUSDT
BDP,BDPUSDT
BDROP,BDROPUSDT
BDTC,BDTCUSDT
BDX,BDXUSDT
BEAM,BEAMUSDT
BEAMX,BEAMXUSDT
BEANS,BEANSUSDT
BEER,BEERUSDT
BEFE,BEFEUSDT
BEFI,BEFIUSDT
BEL,BELUSDT
BELLS,BELLSUSDT
BENDOG,BENDOGUSDT
BENJI,BENJIUSDT
BENQI,BENQIUSDT
BERA,BERAUSDT
BERAFI,BERAFIUSDT
BERRY,BERRYUSDT
BERT,BERTUSDT
BETA,BETAUSDT
BFIC,BFICUSDT
BFLOKI,BFLOKIUSDT
BFT,BFTUSDT
BGB,BGBUSDT
BGSC,BGSCUSDT
BHO,BHOUSDT
BIAOSOL,BIAOSOLUSDT
BICITY,BICITYUSDT
BICO,BICOUSDT
BID,BIDUSDT
BIGTIME,BIGTIMEUSDT
BILLY,BILLYUSDT
BIO,BIOUSDT
BIOFI,BIOFIUSDT
BIST,BISTUSDT
BIT1,BIT1USDT
BITBOARD,BITBOARDUSDT
BITBULL,BITBULLUSDT
BITCAT,BITCATUSDT
BITCI,BITCIUSDT
BITFOLIO,BITFOLIOUSDT
BIZA,BIZAUSDT
BKN,"BKNUSDC, BKNUSDT"
BLADE,BLADEUSDT
BLAST,BLASTUSDT
BLASTUP,BLASTUPUSDT
BLEND,BLENDUSDT
BLENDR,BLENDRUSDT
BLOCKASSET,BLOCKASSETUSDT
BLOCKWORLD,BLOCKWORLDUSDT
BLOCX,BLOCXUSDT
BLOK,BLOKUSDT
BLP,BLPUSDT
BLS,BLSUSDT
BLUB,BLUBUSDT
BLUE,BLUEUSDT
BLUE1,BLUE1USDT
BLUEMOVE,BLUEMOVEUSDT
BLUES,BLUESUSDT
BLUR,BLURUSDT
BLY,BLYUSDT
BLZ,BLZUSDT
BMT,"BMTUSDT, BMTUSDC"
BNA,BNAUSDT
BNB,"BNBUSDC, BNBUSDT"
BNBAI,BNBAIUSDT
BNBXBT,BNBXBTUSDT
BNC,BNCUSDT
BNRY,BNRYUSDT
BNT,BNTUSDT
BNY,BNYUSDT
BOB,BOBUSDT
BOBA,BOBAUSDT
BOBO,BOBOUSDT
BOME,BOMEUSDT
BOND,BONDUSDT
BONE,BONEUSDT
BONGO,BONGOUSDT
BONK,BONKUSDT
BOO,BOOUSDT
BOOE,BOOEUSDT
BOSON,BOSONUSDT
BOTIFY,BOTIFYUSDT
BOTTO,BOTTOUSDT
BR,BRUSDT
BRAWL,BRAWLUSDT
BRETTETH,BRETTETHUSDT
BRISE,BRISEUSDT
BRL,BRLUSDT
BRLN,BRLNUSDT
BRN,BRNUSDT
BROCCOLI,BROCCOLIUSDT
BROCCOLIF3B,BROCCOLIF3BUSDT
BROCK,BROCKUSDT
BROWNIE,BROWNIEUSDT
BSA,BSAUSDT
BSCPAD,BSCPADUSDT
BSCS,BSCSUSDT
BSSB,BSSBUSDT
BST,BSTUSDT
BSTC,BSTCUSDT
BSV,BSVUSDT
BSW,BSWUSDT
BSX,BSXUSDT
BTC,"BTCUSDC, BTCUSDT"
BTC2,BTC2USDT
BTCBAM,BTCBAMUSDT
BTCFI,BTCFIUSDT
BTCMT,BTCMTUSDT
BTF,BTFUSDT
BTM,BTMUSDT
BTS,BTSUSDT
BTT,BTTUSDT
BTY,BTYUSDT
BUBB,BUBBUSDT
BUBBLE,BUBBLEUSDT
BUCK,BUCKUSDT
BULLS,BULLSUSDT
BULLY,BULLYUSDT
BUM,BUMUSDT
BUNNY,BUNNYUSDT
BURGER,BURGERUSDT
BUTTHOLE,"BUTTHOLEUSDC, BUTTHOLEUSDT"
BUZZ,BUZZUSDT
BVG,BVGUSDT
BVM,BVMUSDT
BVT,BVTUSDT
BXBT,BXBTUSDT
BXC,BXCUSDT
BXN,BXNUSDT
BXX,BXXUSDT
BZR,BZRUSDT
BZZ,BZZUSDT
C4E,C4EUSDT
C98,C98USDT
CA,CAUSDT
CAIR,CAIRUSDT
CAKE,CAKEUSDT
CAM,CAMUSDT
CAMT,CAMTUSDT
CANTO,CANTOUSDT
CAP,CAPUSDT
CAPTAINBNB,CAPTAINBNBUSDT
CAR,CARUSDT
CARR,CARRUSDT
CARV,CARVUSDT
CAS,CASUSDT
CAT,CATUSDT
CATANA,CATANAUSDT
CATBOY,CATBOYUSDT
CATCH,CATCHUSDT
CATCOIN,CATCOINUSDT
CATDOG,CATDOGUSDT
CATE,CATEUSDT
CATEETH,CATEETHUSDT
CATGOLD,CATGOLDUSDT
CATHEON,CATHEONUSDT
CATI,CATIUSDT
CATS,CATSUSDT
CATTON,CATTONUSDT
CAU,CAUUSDT
CAW,"CAWUSDC, CAWUSDT"
CBK,CBKUSDT
CBL,CBLUSDT
CBPAY,CBPAYUSDT
CBX,CBXUSDT
CBY,CBYUSDT
CCD,CCDUSDT
CDA,CDAUSDT
CDT,CDTUSDT
CDX,CDXUSDT
CEB,CEBUSDT
CEEK,CEEKUSDT
CEL,CELUSDT
CELL,CELLUSDT
CELLA,CELLAUSDT
CELO,CELOUSDT
CELR,CELRUSDT
CENNZ,CENNZUSDT
CERE,CEREUSDT
CETUS,CETUSUSDT
CFN,CFNUSDT
CFX,CFXUSDT
CGPT,"CGPTUSDT, CGPTUSDC"
CGPU,CGPUUSDT
CGX,CGXUSDT
CHANGE,CHANGEUSDT
CHAT,CHATUSDT
CHAX,CHAXUSDT
CHC,CHCUSDT
CHEEMS,CHEEMSUSDT
CHEF,CHEFUSDT
CHEQ,CHEQUSDT
CHESS,CHESSUSDT
CHEWY,CHEWYUSDT
CHEX,CHEXUSDT
CHILLAX,CHILLAXUSDT
CHILLGUY,CHILLGUYUSDT
CHIP,CHIPUSDT
CHIRP,CHIRPUSDT
CHMB,CHMBUSDT
CHMPZ,CHMPZUSDT
CHO,CHOUSDT
CHONKY,CHONKYUSDT
CHPD,CHPDUSDT
CHR,CHRUSDT
CHRP,CHRPUSDT
CHZ,CHZUSDT
CITY,CITYUSDT
CKB,CKBUSDT
CLAI,CLAIUSDT
CLANKER,CLANKERUSDT
CLASHUB,CLASHUBUSDT
CLAY,CLAYUSDT
CLEAR,CLEARUSDT
CLGO,CLGOUSDT
CLIPS,CLIPSUSDT
CLORE,CLOREUSDT
CLOUD,CLOUDUSDT
CLS,CLSUSDT
CLUB,CLUBUSDT
CLUSTR,CLUSTRUSDT
CLV,CLVUSDT
CLY,CLYUSDT
CNG,CNGUSDT
COCA,COCAUSDT
COCK,COCKUSDT
COCORO,COCOROUSDT
COLLAT,COLLATUSDT
COLLE,COLLEUSDT
COM,COMUSDT
COMAI,COMAIUSDT
COMBO,COMBOUSDT
COMP,COMPUSDT
CONV,CONVUSDT
CONX,CONXUSDT
COOK,COOKUSDT
COOKIE,COOKIEUSDT
COPA,COPAUSDT
COPI,COPIUSDT
COQ,COQUSDT
CORE,COREUSDT
COREUM,COREUMUSDT
CORN,"CORNUSDC, CORNUSDT"
COTI,COTIUSDT
COVN,COVNUSDT
COW,COWUSDT
CP,CPUSDT
CPH,CPHUSDT
CPK,CPKUSDT
CPOOL,CPOOLUSDT
CPU,CPUUSDT
CR,CRUSDT
CRAI,CRAIUSDT
CREAM,CREAMUSDT
CREO,CREOUSDT
CREPE,CREPEUSDT
CRETA,CRETAUSDT
CRGPT,CRGPTUSDT
CRH,CRHUSDT
CRO,CROUSDT
CROS,CROSUSDT
CROWN,CROWNUSDT
CROWN2,CROWN2USDT
CRTAI,CRTAIUSDT
CRTS,CRTSUSDT
CRU,CRUUSDT
CRV,CRVUSDT
CSIX,CSIXUSDT
CSPR,CSPRUSDT
CSTARS,CSTARSUSDT
CSWAP,CSWAPUSDT
CTA,CTAUSDT
CTC,CTCUSDT
CTD,CTDUSDT
CTF,CTFUSDT
CTK,CTKUSDT
CTP,CTPUSDT
CTXC,CTXCUSDT
CULT,CULTUSDT
CULTDAO,CULTDAOUSDT
CVN,CVNUSDT
CVX,CVXUSDT
CWA,CWAUSDT
CWAR,CWARUSDT
CWEB,CWEBUSDT
CWOLF,CWOLFUSDT
CWS,CWSUSDT
CXT,CXTUSDT
CYBER,CYBERUSDT
CYBONK,CYBONKUSDT
CYBRO,CYBROUSDT
D,DUSDT
DADDY,DADDYUSDT
DAG,DAGUSDT
DAI,DAIUSDT
DAO,DAOUSDT
DAOX,DAOXUSDT
DASH,DASHUSDT
DAT,DATUSDT
DBC,DBCUSDT
DBR,DBRUSDT
DC,DCUSDT
DCB,DCBUSDT
DCD,DCDUSDT
DCI,DCIUSDT
DCK,DCKUSDT
DCOIN,DCOINUSDT
DCR,DCRUSDT
DD,DDUSDT
DDMT,DDMTUSDT
DEAI,DEAIUSDT
DEB,DEBUSDT
DECENTRALIZED,DECENTRALIZEDUSDT
DECHAT,DECHATUSDT
DEDA,DEDAUSDT
DEEP,DEEPUSDT
DEEPSEEK,DEEPSEEKUSDT
DEFAI,DEFAIUSDT
DEFI,DEFIUSDT
DEFROGS,DEFROGSUSDT
DEFX,DEFXUSDT
DEGEN,DEGENUSDT
DEGO,DEGOUSDT
DENTX,DENTXUSDT
DEOD,DEODUSDT
DEP,DEPUSDT
DEPC,DEPCUSDT
DERI,DERIUSDT
DERP,DERPUSDT
DESCI,DESCIUSDT
DETF,DETFUSDT
DEVVE,DEVVEUSDT
DEXE,DEXEUSDT
DEXTF,DEXTFUSDT
DF,DFUSDT
DFC,DFCUSDT
DFYN,DFYNUSDT
DGC,DGCUSDT
DGH,DGHUSDT
DHN,DHNUSDT
DIAM,DIAMUSDT
DICE,DICEUSDT
DIGI,DIGIUSDT
DIKO,DIKOUSDT
DIN,DINUSDT
DINERO,DINEROUSDT
DINGO,DINGOUSDT
DIONE,DIONEUSDT
DKA,DKAUSDT
DKS,DKSUSDT
DLC,DLCUSDT
DMAIL,DMAILUSDT
DMCK,DMCKUSDT
DMT,DMTUSDT
DMTR,DMTRUSDT
DNOW,DNOWUSDT
DNX,DNXUSDT
DOAI,DOAIUSDT
DOBO,DOBOUSDT
DODO,DODOUSDT
DOG,DOGUSDT
DOGA,DOGAUSDT
DOGE,"DOGEUSDT, DOGEUSDC"
DOGE20,DOGE20USDT
DOGEAI,DOGEAIUSDT
DOGECOIN,DOGECOINUSDT
DOGEGOV,DOGEGOVUSDT
DOGELON,DOGELONUSDT
DOGEN,DOGENUSDT
DOGEX,DOGEXUSDT
DOGGOSOL,DOGGOSOLUSDT
DOGINME,DOGINMEUSDT
DOGS,DOGSUSDT
DOGWIFHAT,DOGWIFHATUSDT
DOLAN,DOLANUSDT
DOLZ,DOLZUSDT
DOMI,DOMIUSDT
DOMIN,DOMINUSDT
DOP,DOPUSDT
DORA,DORAUSDT
DOSE,DOSEUSDT
DOT,DOTUSDT
DOVA,DOVAUSDT
DOVU,DOVUUSDT
DPR,DPRUSDT
DRA,DRAUSDT
DRAGON404,DRAGON404USDT
DREAMS,DREAMSUSDT
DRF,DRFUSDT
DRIFT,DRIFTUSDT
DRN,DRNUSDT
DROP,DROPUSDT
DRX,DRXUSDT
DSLA,DSLAUSDT
DSYNC,"DSYNCUSDT, DSYNCUSDC"
DT,DTUSDT
DTEC,DTECUSDT
DUCK,DUCKUSDT
DUEL,DUELUSDT
DUKO,DUKOUSDT
DUSK,DUSKUSDT
DVA,DVAUSDT
DVI,DVIUSDT
DYDX,DYDXUSDT
DYM,DYMUSDT
DYNA,DYNAUSDT
DYOR,DYORUSDT
DYP,DYPUSDT
E4C,E4CUSDT
EAI,EAIUSDT
EARNM,EARNMUSDT
ECOTERRA,ECOTERRAUSDT
EDEN,EDENUSDT
EDGE,EDGEUSDT
EDLC,EDLCUSDT
EDOG,EDOGUSDT
EDU,EDUUSDT
EDX,EDXUSDT
EFC,EFCUSDT
EFFECT,EFFECTUSDT
EGAX,EGAXUSDT
EGC,EGCUSDT
EGG,EGGUSDT
EGLD,EGLDUSDT
EGO,EGOUSDT
EGP,EGPUSDT
EIGEN,EIGENUSDT
EKTA,EKTAUSDT
EKU,EKUUSDT
EL,ELUSDT
ELAND,ELANDUSDT
ELDA,ELDAUSDT
ELF,ELFUSDT
ELG,ELGUSDT
ELIX,ELIXUSDT
ELIZA,ELIZAUSDT
ELK,ELKUSDT
ELON,ELONUSDT
ELON4AFD,ELON4AFDUSDT
ELONDOGE,ELONDOGEUSDT
ELONMARS,ELONMARSUSDT
ELONSOL,ELONSOLUSDT
ELX,ELXUSDT
ELY,ELYUSDT
ELYS,ELYSUSDT
EML,EMLUSDT
EMRLD,EMRLDUSDT
EMT,EMTUSDT
EMYC,EMYCUSDT
ENA,"ENAUSDC, ENAUSDT"
ENF,ENFUSDT
ENJ,ENJUSDT
ENS,"ENSUSDT, ENSUSDC"
EOS,"EOSUSDC, EOSUSDT"
EPAY,EPAYUSDT
EPIC,EPICUSDT
EPIK,EPIKUSDT
EPILEPTIC,EPILEPTICUSDT
EPX,EPXUSDT
EQB,EQBUSDT
ERG,ERGUSDT
ESE,ESEUSDT
ETC,ETCUSDT
ETERNAL,ETERNALUSDT
ETF500,ETF500USDT
ETH,"ETHUSDC, ETHUSDT"
ETHF,ETHFUSDT
ETHFI,ETHFIUSDT
ETHW,ETHWUSDT
EUL,EULUSDT
EUR,EURUSDT
EURI,EURIUSDT
EVADORE,EVADOREUSDT
EVDC,EVDCUSDT
EVER,EVERUSDT
EVERYAI,EVERYAIUSDT
EVMOS,EVMOSUSDT
EVR,EVRUSDT
EVRY,EVRYUSDT
EWA,EWAUSDT
EWT,EWTUSDT
EXD,EXDUSDT
EXPERT,EXPERTUSDT
EXS,EXSUSDT
EXVG,EXVGUSDT
EYWA,EYWAUSDT
F,FUSDT
F3,F3USDT
FACT,FACTUSDT
FACTR,FACTRUSDT
FAI,FAIUSDT
FAKEAI,FAKEAIUSDT
FAKT,FAKTUSDT
FAN,FANUSDT
FANC,FANCUSDT
FAND,FANDUSDT
FARM,FARMUSDT
FARTBOY,FARTBOYUSDT
FARTCOIN,"FARTCOINUSDT, FARTCOINUSDC"
FARTOKEN,FARTOKENUSDT
FAT,FATUSDT
FAVE,FAVEUSDT
FB,FBUSDT
FCT2,FCT2USDT
FDM,FDMUSDT
FDUSD,FDUSDUSDT
FEAR,FEARUSDT
FEG,FEGUSDT
FET,"FETUSDC, FETUSDT"
FHE,"FHEUSDC, FHEUSDT"
FIDA,FIDAUSDT
FIL,"FILUSDC, FILUSDT"
FINBLOX,FINBLOXUSDT
FINC,FINCUSDT
FINEETH,FINEETHUSDT
FIO,FIOUSDT
FIRO,FIROUSDT
FIS,FISUSDT
FISHW,FISHWUSDT
FITFI,FITFIUSDT
FLAI,FLAIUSDT
FLAY,FLAYUSDT
FLDT,FLDTUSDT
FLIX,FLIXUSDT
FLM,FLMUSDT
FLOCK,"FLOCKUSDC, FLOCKUSDT"
FLOKI,FLOKIUSDT
FLOW,FLOWUSDT
FLR,FLRUSDT
FLT,FLTUSDT
FLUID,FLUIDUSDT
FLUX,FLUXUSDT
FLX,FLXUSDT
FLY,FLYUSDT
FMC,FMCUSDT
FNCT,FNCTUSDT
FNCY,FNCYUSDT
FNF,FNFUSDT
FOG,FOGUSDT
FOMO,FOMOUSDT
FORM,FORMUSDT
FORM1,FORM1USDT
FORT,FORTUSDT
FORTH,FORTHUSDT
FORWARD,FORWARDUSDT
FOUR,FOURUSDT
FOX,FOXUSDT
FOXSY,FOXSYUSDT
FP,FPUSDT
FPEPE,FPEPEUSDT
FRBK,FRBKUSDT
FRC,FRCUSDT
FRED,FREDUSDT
FREEDOM,FREEDOMUSDT
FROC,FROCUSDT
FRTS,FRTSUSDT
FSN,FSNUSDT
FT,FTUSDT
FTN,FTNUSDT
FTON,FTONUSDT
FTT,"FTTUSDT, FTTUSDC"
FU,FUUSDT
FUCOIN,FUCOINUSDT
FUD,FUDUSDT
FUEL,FUELUSDT
FULA,FULAUSDT
FULLSEND,FULLSENDUSDT
FUN,FUNUSDT
FURY,FURYUSDT
FUSE,FUSEUSDT
FUTURE,FUTUREUSDT
FWC,FWCUSDT
FWOG,FWOGUSDT
FX,FXUSDT
FXS,FXSUSDT
FYDE,FYDEUSDT
FYN,FYNUSDT
G,GUSDT
G3,G3USDT
G7,G7USDT
GAIA,GAIAUSDT
GAINS,GAINSUSDT
GALA,GALAUSDT
GALAXIS,GALAXISUSDT
GAME2,GAME2USDT
GAMESTOP,GAMESTOPUSDT
GAMEVIRTUAL,GAMEVIRTUALUSDT
GANG,GANGUSDT
GARI,GARIUSDT
GASP,GASPUSDT
GAT,GATUSDT
GAU,GAUUSDT
GB,GBUSDT
GBCK,GBCKUSDT
GCB,GCBUSDT
GCOTI,GCOTIUSDT
GEAR,GEARUSDT
GEC,GECUSDT
GECKOAVAX,GECKOAVAXUSDT
GEL,GELUSDT
GEMS,GEMSUSDT
GENE,GENEUSDT
GENO,GENOUSDT
GENOME,GENOMEUSDT
GEOD,GEODUSDT
GFAL,GFALUSDT
GFI,GFIUSDT
GFM,GFMUSDT
GHIBLI,GHIBLIUSDT
GHOAD,GHOADUSDT
GHST,GHSTUSDT
GHT,GHTUSDT
GHUB,GHUBUSDT
GHX,GHXUSDT
GIGA,GIGAUSDT
GIKO,GIKOUSDT
GINI,GINIUSDT
GINNAN,GINNANUSDT
GINOA,GINOAUSDT
GINUX,GINUXUSDT
GLINT,GLINTUSDT
GLMR,GLMRUSDT
GLQ,GLQUSDT
GLUTEU,GLUTEUUSDT
GME,GMEUSDT
GMEE,GMEEUSDT
GMM,GMMUSDT
GMMT,GMMTUSDT
GMRT,GMRTUSDT
GMX,GMXUSDT
GNO,GNOUSDT
GNON,GNONUSDT
GNS,GNSUSDT
GOAT,GOATUSDT
GOATS,GOATSUSDT
GOCHU,GOCHUUSDT
GODL,GODLUSDT
GODS,GODSUSDT
GOGLZ,GOGLZUSDT
GOHOME,GOHOMEUSDT
GOLC,GOLCUSDT
GOMINING,GOMININGUSDT
GON,GONUSDT
GORA,GORAUSDT
GORILLA,GORILLAUSDT
GORT,GORTUSDT
GOTG,GOTGUSDT
GPS,GPSUSDT
GPTPLUS,GPTPLUSUSDT
GPTV,GPTVUSDT
GPTW,GPTWUSDT
GPU,GPUUSDT
GPUS,GPUSUSDT
GQ,GQUSDT
GQB,GQBUSDT
GRAIL,GRAILUSDT
GRAM,GRAMUSDT
GRAMPUS,GRAMPUSUSDT
GRAND,GRANDUSDT
GRASS,GRASSUSDT
GREENBTC,GREENBTCUSDT
GRIFFAIN,GRIFFAINUSDT
GRIFT,GRIFTUSDT
GRL,GRLUSDT
GROK,GROKUSDT
GROKAI,GROKAIUSDT
GROOVE,GROOVEUSDT
GROWAI,GROWAIUSDT
GRPH,GRPHUSDT
GRT,GRTUSDT
GST,GSTUSDT
GSTOP,GSTOPUSDT
GSWIFT,GSWIFTUSDT
GSYS,GSYSUSDT
GTA,GTAUSDT
GTAI,GTAIUSDT
GTAVI,GTAVIUSDT
GTC,GTCUSDT
GTCAI,GTCAIUSDT
GTCOIN,GTCOINUSDT
GTHEDOG,GTHEDOGUSDT
GTON,GTONUSDT
GUI,GUIUSDT
GULL,GULLUSDT
GUMMY,GUMMYUSDT
GUN,"GUNUSDC, GUNUSDT"
GURU,GURUUSDT
GVL,GVLUSDT
GX,GXUSDT
GZONE,GZONEUSDT
HABIBI,HABIBIUSDT
HAHA,HAHAUSDT
HAI,HAIUSDT
HAM,HAMUSDT
HAMBURGLAR,HAMBURGLARUSDT
HANDY,HANDYUSDT
HAPI,HAPIUSDT
HAPPY,HAPPYUSDT
HARAMBE,HARAMBEUSDT
HARAMBEAI,HARAMBEAIUSDT
HARD,HARDUSDT
HAROLD,HAROLDUSDT
HARRY,HARRYUSDT
HARRYBOLZ,HARRYBOLZUSDT
HASHAI,HASHAIUSDT
HAT,HATUSDT
HBAR,"HBARUSDT, HBARUSDC"
HBD,HBDUSDT
HDN,HDNUSDT
HDRO,HDROUSDT
HEART,HEARTUSDT
HEGE,HEGEUSDT
HEI,HEIUSDT
HELI,HELIUSDT
HELLO,HELLOUSDT
HEMULE,HEMULEUSDT
HENAI,HENAIUSDT
HEU,HEUUSDT
HFT,HFTUSDT
HGG,HGGUSDT
HGPT,HGPTUSDT
HI,HIUSDT
HIFI,HIFIUSDT
HIGH,HIGHUSDT
HINT,HINTUSDT
HIPPO,HIPPOUSDT
HIPPOP,HIPPOPUSDT
HIPPOSWAP,HIPPOSWAPUSDT
HIVE,HIVEUSDT
HKTM,HKTMUSDT
HLO,HLOUSDT
HMND,HMNDUSDT
HMSTR,HMSTRUSDT
HMT,HMTUSDT
HNB,HNBUSDT
HNS,HNSUSDT
HNT,HNTUSDT
HOL,HOLUSDT
HOLD,HOLDUSDT
HOLDSTATION,HOLDSTATIONUSDT
HOLDVIP,HOLDVIPUSDT
HOM,HOMUSDT
HOMER,HOMERUSDT
HONEY,HONEYUSDT
HONK,HONKUSDT
HONOR,HONORUSDT
HOOD,HOODUSDT
HOOK,HOOKUSDT
HOPPY,HOPPYUSDT
HOPR,HOPRUSDT
HOSKY,HOSKYUSDT
HOT,HOTUSDT
HOTKEY,HOTKEYUSDT
HPEPE,HPEPEUSDT
HPO,HPOUSDT
HQ,HQUSDT
HRSE,HRSEUSDT
HRT,HRTUSDT
HSK,HSKUSDT
HST,HSTUSDT
HSX,HSXUSDT
HTM,HTMUSDT
HTR,HTRUSDT
HTX,HTXUSDT
HUAHUA,HUAHUAUSDT
HUND,HUNDUSDT
HUSL,HUSLUSDT
HVLO,HVLOUSDT
HXD,HXDUSDT
HYCO,HYCOUSDT
HYDRA,HYDRAUSDT
HYPC,HYPCUSDT
HYPE,HYPEUSDT
HYVE,HYVEUSDT
HZN,HZNUSDT
IAGO,IAGOUSDT
ICENETWORK,ICENETWORKUSDT
ICNX,ICNXUSDT
ICP,"ICPUSDC, ICPUSDT"
ICPX,ICPXUSDT
ICT,ICTUSDT
ID,IDUSDT
IDEA,IDEAUSDT
IDEX,IDEXUSDT
IGT,IGTUSDT
IGU,IGUUSDT
ILV,ILVUSDT
IMGN,IMGNUSDT
IMGNAI,IMGNAIUSDT
IMT,IMTUSDT
IMX,IMXUSDT
INCN,INCNUSDT
INDEX,INDEXUSDT
INDY,INDYUSDT
INFRA,INFRAUSDT
INJ,"INJUSDT, INJUSDC"
INS,INSUSDT
INSN,INSNUSDT
INSP,INSPUSDT
INSUR,INSURUSDT
INTER,INTERUSDT
INTOS,INTOSUSDT
INTR,INTRUSDT
INV,INVUSDT
IO,IOUSDT
IONX,IONXUSDT
IOST,IOSTUSDT
IOTA,IOTAUSDT
IOTX,IOTXUSDT
IP,IPUSDT
IQ,IQUSDT
IRIS,IRISUSDT
IRON,IRONUSDT
ISK,ISKUSDT
ISLAND,ISLANDUSDT
ISLM,ISLMUSDT
ISP,ISPUSDT
IT,ITUSDT
ITHACA,ITHACAUSDT
IUS,IUSUSDT
IVFUN,IVFUNUSDT
IVPAY,IVPAYUSDT
IXS,IXSUSDT
IXT,IXTUSDT
IZI,IZIUSDT
J,JUSDT
JAILSTOOL,JAILSTOOLUSDT
JAM,JAMUSDT
JAN,JANUSDT
JASMY,"JASMYUSDC, JASMYUSDT"
JD98,JD98USDT
JELLYJELLY,JELLYJELLYUSDT
JEMI,JEMIUSDT
JERRY,JERRYUSDT
JET,JETUSDT
JETTON,JETTONUSDT
JEWEL,JEWELUSDT
JFOX,JFOXUSDT
JLP,JLPUSDT
JOC,JOCUSDT
JOE,JOEUSDT
JOLT,JOLTUSDT
JOULE,JOULEUSDT
JOY,JOYUSDT
JOYSTREAM,JOYSTREAMUSDT
JSET,JSETUSDT
JSM,JSMUSDT
JST,JSTUSDT
JTF,JTFUSDT
JTO,JTOUSDT
JUC,JUCUSDT
JUNO,JUNOUSDT
JUP,JUPUSDT
JUSTICE,JUSTICEUSDT
JWIF,JWIFUSDT
K,"KUSDC, KUSDT"
K21,K21USDT
KAF,KAFUSDT
KAI,KAIUSDT
KAIA,"KAIAUSDT, KAIAUSDC"
KAITO,"KAITOUSDT, KAITOUSDC"
KALIS,KALISUSDT
KAMA,KAMAUSDT
KANG,KANGUSDT
KANGO,KANGOUSDT
KAON,KAONUSDT
KAP,KAPUSDT
KAR,KARUSDT
KARATE,KARATEUSDT
KARRAT,KARRATUSDT
KAS,"KASUSDT, KASUSDC"
KASPY,KASPYUSDT
KASTA,KASTAUSDT
KAT,KATUSDT
KATA,KATAUSDT
KATS,KATSUSDT
KAVA,KAVAUSDT
KAYEN,KAYENUSDT
KCS,KCSUSDT
KDA,KDAUSDT
KDG,KDGUSDT
KEKE,KEKEUSDT
KEKIUS,"KEKIUSUSDC, KEKIUSUSDT"
KENDU,KENDUUSDT
KENKA,KENKAUSDT
KERMIT,KERMITUSDT
KERNEL,"KERNELUSDC, KERNELUSDT"
KEYCAT,KEYCATUSDT
KFI,KFIUSDT
KHAI,KHAIUSDT
KHEOWZOO,KHEOWZOOUSDT
KIB,KIBUSDT
KIBSHI,KIBSHIUSDT
KIKI,KIKIUSDT
KILO,"KILOUSDC, KILOUSDT"
KILT,KILTUSDT
KIMA,KIMAUSDT
KIN,KINUSDT
KINE,KINEUSDT
KINIC,KINICUSDT
KISHU,KISHUUSDT
KITEAI,KITEAIUSDT
KLIMA,KLIMAUSDT
KLS,KLSUSDT
KLV,KLVUSDT
KMNO,KMNOUSDT
KNC,KNCUSDT
KNINE,KNINEUSDT
KOAI,KOAIUSDT
KOI,KOIUSDT
KOII,KOIIUSDT
KOIN,KOINUSDT
KOKO,KOKOUSDT
KOKU,KOKUUSDT
KOLZ,KOLZUSDT
KOM,KOMUSDT
KOMA,KOMAUSDT
KOY,KOYUSDT
KP3R,KP3RUSDT
KPC,KPCUSDT
KPN,KPNUSDT
KREST,KRESTUSDT
KRIPTO,KRIPTOUSDT
KRL,KRLUSDT
KRO,KROUSDT
KRU,KRUUSDT
KRY,KRYUSDT
KSM,KSMUSDT
KUJI,KUJIUSDT
KULA,KULAUSDT
KZEN,KZENUSDT
L1,L1USDT
L3,L3USDT
LADYS,LADYSUSDT
LAI,LAIUSDT
LAIKA,LAIKAUSDT
LAIKAL2,LAIKAL2USDT
LAK3,LAK3USDT
LAMB,LAMBUSDT
LAND,LANDUSDT
LANDSHARE,LANDSHAREUSDT
LAOS,LAOSUSDT
LAT,LATUSDT
LAVA,LAVAUSDT
LAYER,LAYERUSDT
LAZIO,LAZIOUSDT
LB,LBUSDT
LBC,LBCUSDT
LBM,LBMUSDT
LBR,LBRUSDT
LBTC,LBTCUSDT
LCAT,LCATUSDT
LCG,LCGUSDT
LDO,LDOUSDT
LDY,LDYUSDT
LEARN,LEARNUSDT
LEE,LEEUSDT
LEFEEF,LEFEEFUSDT
LEGEND,LEGENDUSDT
LEO,LEOUSDT
LEOX,LEOXUSDT
LESTER,LESTERUSDT
LETIT,LETITUSDT
LEVER,LEVERUSDT
LF,LFUSDT
LF1,LF1USDT
LFG,LFGUSDT
LGCT,LGCTUSDT
LIBRA,LIBRAUSDT
LIBS,LIBSUSDT
LIF3,LIF3USDT
LIFE,LIFEUSDT
LIFEM,LIFEMUSDT
LIKE,LIKEUSDT
LIME,LIMEUSDT
LINA,LINAUSDT
LINGO,"LINGOUSDC, LINGOUSDT"
LINK,"LINKUSDC, LINKUSDT"
LION,LIONUSDT
LIQUIDIUM,LIQUIDIUMUSDT
LISTA,LISTAUSDT
LITH,LITHUSDT
LITHO,LITHOUSDT
LIXX,LIXXUSDT
LKI,LKIUSDT
LKY,LKYUSDT
LL,LLUSDT
LLD,LLDUSDT
LLM,LLMUSDT
LMCSWAP,LMCSWAPUSDT
LMT,LMTUSDT
LMWR,LMWRUSDT
LNDX,LNDXUSDT
LNQ,LNQUSDT
LOBO,LOBOUSDT
LOCK,LOCKUSDT
LOE,LOEUSDT
LOFI,LOFIUSDT
LOGX,LOGXUSDT
LOKA,LOKAUSDT
LOL,LOLUSDT
LOOKS,LOOKSUSDT
LOOM,LOOMUSDT
LOOP,LOOPUSDT
LORDS,LORDSUSDT
LOTT,LOTTUSDT
LPT,LPTUSDT
LQR,LQRUSDT
LQTY,LQTYUSDT
LRC,LRCUSDT
LRDS,LRDSUSDT
LSD,LSDUSDT
LSDCOIN,LSDCOINUSDT
LTC,"LTCUSDC, LTCUSDT"
LTD,LTDUSDT
LTT,LTTUSDT
LUCE,LUCEUSDT
LUFC,LUFCUSDT
LUIGI,LUIGIUSDT
LUM,LUMUSDT
LUMI,LUMIUSDT
LUMIA,LUMIAUSDT
LUMOS,LUMOSUSDT
LUNA,LUNAUSDT
LUNAI,LUNAIUSDT
LUNC,"LUNCUSDT, LUNCUSDC"
LVLY,LVLYUSDT
LVN,LVNUSDT
LVVA,LVVAUSDT
LWOLF,LWOLFUSDT
LYNX,LYNXUSDT
LYP,LYPUSDT
LYUM,LYUMUSDT
LYX,LYXUSDT
M,MUSDT
M87,M87USDT
MA,MAUSDT
MAD,MADUSDT
MAGA,MAGAUSDT
MAGAETH,MAGAETHUSDT
MAGASOL,MAGASOLUSDT
MAGATRUMP,MAGATRUMPUSDT
MAGIC,MAGICUSDT
MAIV,MAIVUSDT
MAJOR,MAJORUSDT
MAN,MANUSDT
MANA,MANAUSDT
MANASOL,MANASOLUSDT
MANC,MANCUSDT
MANEKI,MANEKIUSDT
MANTA,MANTAUSDT
MAPO,MAPOUSDT
MARS,MARSUSDT
MARS1,MARS1USDT
MARS4,MARS4USDT
MARSH,MARSHUSDT
MAS,MASUSDT
MASA,MASAUSDT
MASK,MASKUSDT
MASS,MASSUSDT
MATH,MATHUSDT
MAV,MAVUSDT
MAVIA,MAVIAUSDT
MAX,MAXUSDT
MAXITY,MAXITYUSDT
MAXSOL,MAXSOLUSDT
MAZZE,MAZZEUSDT
MBD,MBDUSDT
MBL,MBLUSDT
MBOX,MBOXUSDT
MBP,MBPUSDT
MBX,MBXUSDT
MCB,MCBUSDT
MCCHEESE,MCCHEESEUSDT
MCDULL,MCDULLUSDT
MCG,MCGUSDT
MCN,MCNUSDT
MCOIN,MCOINUSDT
MCONTENT,MCONTENTUSDT
MCRT,MCRTUSDT
MDI,MDIUSDT
MDOGS,MDOGSUSDT
ME,MEUSDT
MEAI,MEAIUSDT
MEDX,MEDXUSDT
MEE,MEEUSDT
MEFA,MEFAUSDT
MEGAHERO,MEGAHEROUSDT
MEGALAND,MEGALANDUSDT
MEI,MEIUSDT
MELANIA,"MELANIAUSDT, MELANIAUSDC"
MEMDEX,MEMDEXUSDT
MEME,MEMEUSDT
MEMEAI,MEMEAIUSDT
MEMEFI,MEMEFIUSDT
MEMES,MEMESUSDT
MEMESAI,MEMESAIUSDT
MEMHASH,MEMHASHUSDT
MENGO,MENGOUSDT
MERGE,MERGEUSDT
MERL,MERLUSDT
METAHERO,METAHEROUSDT
METAL,METALUSDT
METAV,METAVUSDT
METIS,METISUSDT
MEV,MEVUSDT
MEW,MEWUSDT
MEX,MEXUSDT
MEY,MEYUSDT
MF,MFUSDT
MFER,MFERUSDT
MFT,MFTUSDT
MG8,MG8USDT
MGT,MGTUSDT
MICHI,MICHIUSDT
MICRO,MICROUSDT
MIDLE,MIDLEUSDT
MIGGLES,MIGGLESUSDT
MILLI,MILLIUSDT
MILO,MILOUSDT
MIN,MINUSDT
MINA,"MINAUSDT, MINAUSDC"
MINAR,MINARUSDT
MINEBTC,MINEBTCUSDT
MINIMA,MINIMAUSDT
MINT,MINTUSDT
MINX,MINXUSDT
MIR,MIRUSDT
MIRA,MIRAUSDT
MIST,MISTUSDT
MIU,MIUUSDT
MKR,MKRUSDT
ML,MLUSDT
MLC,MLCUSDT
MLG,MLGUSDT
MLN,MLNUSDT
MLT,MLTUSDT
MLXC,MLXCUSDT
MMD,MMDUSDT
MMOSH,MMOSHUSDT
MMUI,MMUIUSDT
MNEMO,MNEMOUSDT
MNFT,MNFTUSDT
MNRY,MNRYUSDT
MNSRY,MNSRYUSDT
MNT,"MNTUSDC, MNTUSDT"
MNTC,MNTCUSDT
MNTL,MNTLUSDT
MOBILE,MOBILEUSDT
MOBX,MOBXUSDT
MOBY,MOBYUSDT
MOCA,MOCAUSDT
MOCHI,MOCHIUSDT
MODE,MODEUSDT
MOEW,MOEWUSDT
MOG,MOGUSDT
MOGUL,MOGULUSDT
MOJO,MOJOUSDT
MOLI,MOLIUSDT
MON,MONUSDT
MONG,MONGUSDT
MONIE,MONIEUSDT
MONKY,MONKYUSDT
MOODENG,MOODENGUSDT
MOODENGETH,MOODENGETHUSDT
MOON,MOONUSDT
MOONED,MOONEDUSDT
MORPHO,MORPHOUSDT
MORRA,MORRAUSDT
MOTHER,MOTHERUSDT
MOVE,MOVEUSDT
MOVR,MOVRUSDT
MOZ,MOZUSDT
MPAA,MPAAUSDT
MPC,MPCUSDT
MPLX,MPLXUSDT
MRMINT,MRMINTUSDT
MRS,MRSUSDT
MRST,MRSTUSDT
MSB,MSBUSDT
MSM,MSMUSDT
MSN,MSNUSDT
MSQ,MSQUSDT
MTR,MTRUSDT
MTRG,MTRGUSDT
MTS,MTSUSDT
MUBARAK,"MUBARAKUSDC, MUBARAKUSDT"
MUBARAKAH,MUBARAKAHUSDT
MUBI,MUBIUSDT
MUC,MUCUSDT
MUDOL2,MUDOL2USDT
MULTI,MULTIUSDT
MUMU,MUMUUSDT
MUNITY,MUNITYUSDT
MUSIC,MUSICUSDT
MUSKIT,MUSKITUSDT
MVL,MVLUSDT
MVRS,MVRSUSDT
MVX,MVXUSDT
MX,"MXUSDT, MXUSDC"
MXNA,MXNAUSDT
MYRIA,MYRIAUSDT
MYRO,MYROUSDT
MYST,MYSTUSDT
MYSTERY,MYSTERYUSDT
MYTH,MYTHUSDT
N2T,N2TUSDT
N3,N3USDT
NAC,NACUSDT
NAFI,NAFIUSDT
NAI,NAIUSDT
NAKA,NAKAUSDT
NAO,NAOUSDT
NAP,NAPUSDT
NATIX,NATIXUSDT
NAV,NAVUSDT
NAVI,NAVIUSDT
NAVIX,NAVIXUSDT
NAVX,NAVXUSDT
NC,NCUSDT
NCDT,NCDTUSDT
NCN,NCNUSDT
NCT,NCTUSDT
NCTR,NCTRUSDT
NDC,NDCUSDT
NEAR,"NEARUSDT, NEARUSDC"
NEI,NEIUSDT
NEIRO,NEIROUSDT
NEIROCTO,NEIROCTOUSDT
NEIROETH,NEIROETHUSDT
NEO,NEOUSDT
NEON,NEONUSDT
NEOS,NEOSUSDT
NEOTECH,NEOTECHUSDT
NEOX,NEOXUSDT
NEROX,NEROXUSDT
NET,NETUSDT
NETVR,NETVRUSDT
NEUR,NEURUSDT
NEUTON,NEUTONUSDT
NEVER,NEVERUSDT
NEWM,NEWMUSDT
NEXA,NEXAUSDT
NEXD,NEXDUSDT
NEXM,NEXMUSDT
NEXO,NEXOUSDT
NFC,NFCUSDT
NFE,NFEUSDT
NFP,NFPUSDT
NFT,NFTUSDT
NFTC,NFTCUSDT
NGC,NGCUSDT
NHT,NHTUSDT
NIBI,NIBIUSDT
NIGELLA,NIGELLAUSDT
NIGHT,NIGHTUSDT
NIKO,NIKOUSDT
NIL,"NILUSDT, NILUSDC"
NIM,NIMUSDT
NIMBUS,NIMBUSUSDT
NIRVANA,NIRVANAUSDT
NIZA,NIZAUSDT
NKN,NKNUSDT
NLINK,NLINKUSDT
NLS,NLSUSDT
NMD,NMDUSDT
NMKR,NMKRUSDT
NMR,NMRUSDT
NMT,NMTUSDT
NODL,NODLUSDT
NOMOX,NOMOXUSDT
NOS,NOSUSDT
NOT,NOTUSDT
NOTAI,NOTAIUSDT
NOW,NOWUSDT
NPC,"NPCUSDC, NPCUSDT"
NPCS,NPCSUSDT
NPT,NPTUSDT
NRG,NRGUSDT
NRK,NRKUSDT
NRN,NRNUSDT
NRS,NRSUSDT
NS,NSUSDT
NST,NSTUSDT
NTMPI,NTMPIUSDT
NTRN,NTRNUSDT
NTX,NTXUSDT
NUB,NUBUSDT
NULS,NULSUSDT
NUM,NUMUSDT
NUTS,NUTSUSDT
NVIR,NVIRUSDT
NWC,NWCUSDT
NWS,NWSUSDT
NXRA,NXRAUSDT
NYA,NYAUSDT
NYAN,NYANUSDT
NYM,NYMUSDT
NZC,NZCUSDT
NZERO,NZEROUSDT
O4DX,O4DXUSDT
OAS,OASUSDT
OBI,OBIUSDT
OBICOIN,OBICOINUSDT
OBORTECH,OBORTECHUSDT
OBT,"OBTUSDT, OBTUSDC"
OCB,OCBUSDT
OCH,OCHUSDT
OCT,OCTUSDT
OCTA,OCTAUSDT
ODIN,ODINUSDT
ODOS,ODOSUSDT
OEX,OEXUSDT
OFN,OFNUSDT
OFT,OFTUSDT
OG,OGUSDT
OGGYBSC,OGGYBSCUSDT
OGGYETH,OGGYETHUSDT
OGN,OGNUSDT
OGY,OGYUSDT
OIK,OIKUSDT
OKB,OKBUSDT
OKM,OKMUSDT
OKT,OKTUSDT
OL,OLUSDT
OLA,OLAUSDT
OLAS,OLASUSDT
OLE,OLEUSDT
OM,OMUSDT
OMAX,OMAXUSDT
OMG,OMGUSDT
OMI,"OMIUSDC, OMIUSDT"
OMNI,OMNIUSDT
OMNIA,OMNIAUSDT
OMNICAT,OMNICATUSDT
OMNOM,OMNOMUSDT
OMOM,OMOMUSDT
OMZ,OMZUSDT
ONDO,"ONDOUSDT, ONDOUSDC"
ONDOAI,ONDOAIUSDT
ONE,ONEUSDT
ONG,ONGUSDT
ONON,ONONUSDT
ONT,ONTUSDT
ONTP,ONTPUSDT
OOBIT,OOBITUSDT
OOE,OOEUSDT
OOKI,OOKIUSDT
OORT,OORTUSDT
OP,"OPUSDT, OPUSDC"
OPN1,OPN1USDT
OPTIMUS,OPTIMUSUSDT
OPUL,OPULUSDT
ORAI,ORAIUSDT
ORAIX,ORAIXUSDT
ORBI,ORBIUSDT
ORBT,ORBTUSDT
ORCA,ORCAUSDT
ORD,ORDUSDT
ORDER,ORDERUSDT
ORDI,ORDIUSDT
ORDS,ORDSUSDT
ORFY,ORFYUSDT
ORNJ,ORNJUSDT
ORT,ORTUSDT
OSAK,OSAKUSDT
OSHI,OSHIUSDT
OSMI,OSMIUSDT
OSMO,OSMOUSDT
OSOL,OSOLUSDT
OVER,OVERUSDT
OVR,OVRUSDT
OX,OXUSDT
OXOA,OXOAUSDT
OXT,OXTUSDT
OXYZ,OXYZUSDT
OZO,OZOUSDT
OZONE,OZONEUSDT
P3D,P3DUSDT
P888,P888USDT
PAAL,PAALUSDT
PACK,PACKUSDT
PACOIN,PACOINUSDT
PAI,PAIUSDT
PAID,PAIDUSDT
PAIN,PAINUSDT
PALMAI,PALMAIUSDT
PANDA,PANDAUSDT
PANDO,PANDOUSDT
PARTI,"PARTIUSDC, PARTIUSDT"
PASG,PASGUSDT
PATEX,PATEXUSDT
PAW,PAWUSDT
PAWS,"PAWSUSDC, PAWSUSDT"
PAWZONE,PAWZONEUSDT
PAXE,PAXEUSDT
PAXG,PAXGUSDT
PAYU,PAYUUSDT
PBUX,PBUXUSDT
PBX,PBXUSDT
PCX,PCXUSDT
PDA,PDAUSDT
PDA1,PDA1USDT
PEANUT,PEANUTUSDT
PEANUTOG,PEANUTOGUSDT
PEAQ,"PEAQUSDT, PEAQUSDC"
PEAR,PEARUSDT
PEIPEI,PEIPEIUSDT
PELF,PELFUSDT
PELL,"PELLUSDC, PELLUSDT"
PEM,PEMUSDT
PEN,PENUSDT
PENDLE,PENDLEUSDT
PENDULUM,PENDULUMUSDT
PENG,PENGUSDT
PENGU,"PENGUUSDC, PENGUUSDT"
PEOPLE,PEOPLEUSDT
PEP,PEPUSDT
PEPA,PEPAUSDT
PEPE,"PEPEUSDT, PEPEUSDC"
PEPE1,PEPE1USDT
PEPE2,PEPE2USDT
PEPECAT,PEPECATUSDT
PEPECOIN,PEPECOINUSDT
PEPU,PEPUUSDT
PERC,PERCUSDT
PERP,PERPUSDT
PERRY,PERRYUSDT
PGPT,PGPTUSDT
PHA,PHAUSDT
PHB,PHBUSDT
PHIL,PHILUSDT
PHNIX,PHNIXUSDT
PHOTO,PHOTOUSDT
PHY,PHYUSDT
PI,"PIUSDT, PIUSDC"
PIB,PIBUSDT
PIDOG,PIDOGUSDT
PIG,PIGUSDT
PIGCOIN,PIGCOINUSDT
PIKA,PIKAUSDT
PIKABOSS,PIKABOSSUSDT
PIN,PINUSDT
PINGO,PINGOUSDT
PIP,PIPUSDT
PIPPIN,PIPPINUSDT
PIT,PITUSDT
PIVN,PIVNUSDT
PIVX,PIVXUSDT
PIXEL,PIXELUSDT
PIXFI,PIXFIUSDT
PKR,PKRUSDT
PKTC,PKTCUSDT
PLANET,PLANETUSDT
PLB,PLBUSDT
PLENA,PLENAUSDT
PLMC,PLMCUSDT
PLN,PLNUSDT
PLOP,PLOPUSDT
PLOTS,PLOTSUSDT
PLT,PLTUSDT
PLUG,PLUGUSDT
PLUME,PLUMEUSDT
PLYR,PLYRUSDT
PMT,PMTUSDT
PMX,PMXUSDT
PNDR,PNDRUSDT
PNG,PNGUSDT
PNIC,PNICUSDT
PNUT,"PNUTUSDT, PNUTUSDC"
POCHITA,POCHITAUSDT
POGAI,POGAIUSDT
POKEMON,POKEMONUSDT
POKT,POKTUSDT
POL,POLUSDT
POLC,POLCUSDT
POLIS,POLISUSDT
POLS,POLSUSDT
POLYDOGE,POLYDOGEUSDT
PONCH,PONCHUSDT
POND,PONDUSDT
PONGO,PONGOUSDT
PONKE,PONKEUSDT
POOH,POOHUSDT
POOLX,POOLXUSDT
POPCAT,"POPCATUSDC, POPCATUSDT"
POR,PORUSDT
PORK,PORKUSDT
PORT3,PORT3USDT
PORTAL,PORTALUSDT
PORTO,PORTOUSDT
PORTUMA,PORTUMAUSDT
POWER,POWERUSDT
POWERAI,POWERAIUSDT
PPC,PPCUSDT
PPT,PPTUSDT
PRCL,PRCLUSDT
PRO,PROUSDT
PROM,PROMUSDT
PROMPT,PROMPTUSDT
PROPC,PROPCUSDT
PROPS,PROPSUSDT
PROS,PROSUSDT
PRQ,PRQUSDT
PRTG,PRTGUSDT
PRX,PRXUSDT
PS,PSUSDT
PSG,PSGUSDT
PSL,PSLUSDT
PSP,PSPUSDT
PSPS,PSPSUSDT
PSTAKE,PSTAKEUSDT
PTH,PTHUSDT
PUFFER,PUFFERUSDT
PUMP,PUMPUSDT
PUMPAI,PUMPAIUSDT
PUNCH,PUNCHUSDT
PUSH,PUSHUSDT
PUSS,PUSSUSDT
PXP,PXPUSDT
PXT,PXTUSDT
PYR,PYRUSDT
PYTH,PYTHUSDT
PYTHIA,PYTHIAUSDT
PYTHON,PYTHONUSDT
PZP,PZPUSDT
QAI,QAIUSDT
QBX,QBXUSDT
QGOV,QGOVUSDT
QI,QIUSDT
QKC,QKCUSDT
QLINDO,QLINDOUSDT
QNT,QNTUSDT
QORBI,QORBIUSDT
QORPO,QORPOUSDT
QRL,QRLUSDT
QTLX,QTLXUSDT
QTUM,QTUMUSDT
QUACK,QUACKUSDT
QUAI,QUAIUSDT
QUBE,QUBEUSDT
QUBIC,"QUBICUSDT, QUBICUSDC"
QUICK,QUICKUSDT
RABI,RABIUSDT
RACA,RACAUSDT
RAD,RADUSDT
RADAR,RADARUSDT
RAI,"RAIUSDT, RAIUSDC"
RAINCOIN,RAINCOINUSDT
RARE,"RAREUSDC, RAREUSDT"
RARI,RARIUSDT
RATS,RATSUSDT
RAY,"RAYUSDC, RAYUSDT"
RBAX,RBAXUSDT
RBC,RBCUSDT
RBNT,"RBNTUSDT, RBNTUSDC"
RBT,RBTUSDT
RBTC1,RBTC1USDT
RBX,RBXUSDT
RDEX,RDEXUSDT
RDNT,RDNTUSDT
RDT,RDTUSDT
READY,READYUSDT
REAL,REALUSDT
REBD,REBDUSDT
RECORD,RECORDUSDT
RED,"REDUSDC, REDUSDT"
REDO,REDOUSDT
REDX,REDXUSDT
REEF,REEFUSDT
REF,REFUSDT
REI,REIUSDT
REKTCOIN,REKTCOINUSDT
REL,RELUSDT
REM,REMUSDT
REN,RENUSDT
RENDER,RENDERUSDT
RENQ,RENQUSDT
RENTA,RENTAUSDT
RET,RETUSDT
RETARDIO,RETARDIOUSDT
RETIK,RETIKUSDT
RETS,RETSUSDT
REVO,REVOUSDT
REVV,REVVUSDT
REX,REXUSDT
REZ,REZUSDT
RFC,RFCUSDT
RFD,RFDUSDT
RFL,RFLUSDT
RFRM,RFRMUSDT
RG,RGUSDT
RGAME,RGAMEUSDT
RGOAT,RGOATUSDT
RIB,RIBUSDT
RIBBIT,RIBBITUSDT
RIF,RIFUSDT
RIFSOL,RIFSOLUSDT
RILLA,RILLAUSDT
RING,RINGUSDT
RINGAI,RINGAIUSDT
RIO,"RIOUSDC, RIOUSDT"
RITE,RITEUSDT
RIVAL,RIVALUSDT
RIXEN,RIXENUSDT
RIZ,RIZUSDT
RIZO,RIZOUSDT
RJV,RJVUSDT
RKFI,RKFIUSDT
RLC,RLCUSDT
RLY,RLYUSDT
RMV,RMVUSDT
RNT,RNTUSDT
RNVI,RNVIUSDT
ROAM,ROAMUSDT
ROCK,ROCKUSDT
ROCKI,ROCKIUSDT
ROCO,ROCOUSDT
RODAI,RODAIUSDT
RON,RONUSDT
RONALD,RONALDUSDT
ROOST,ROOSTUSDT
ROOT,ROOTUSDT
ROSE,ROSEUSDT
ROSX,ROSXUSDT
ROUTE,ROUTEUSDT
RPG,RPGUSDT
RPK,RPKUSDT
RPL,RPLUSDT
RPLS,RPLSUSDT
RSR,RSRUSDT
RSS3,RSS3USDT
RST,RSTUSDT
RTF,RTFUSDT
RUNE,RUNEUSDT
RUNECOIN,RUNECOINUSDT
RUNI,RUNIUSDT
RVF,RVFUSDT
RVN,RVNUSDT
RWA,RWAUSDT
RWN,RWNUSDT
RX,RXUSDT
RXD,RXDUSDT
RYO,RYOUSDT
S,"SUSDT, SUSDC"
SABAI,SABAIUSDT
SAC,SACUSDT
SAFE,SAFEUSDT
SAFE4,SAFE4USDT
SAFEMOONSOL,SAFEMOONSOLUSDT
SAGA,SAGAUSDT
SAI,SAIUSDT
SAINT,SAINTUSDT
SAKAI,SAKAIUSDT
SALD,SALDUSDT
SAMA,SAMAUSDT
SAMO,SAMOUSDT
SAND,SANDUSDT
SANTOS,SANTOSUSDT
SARA,SARAUSDT
SAROS,SAROSUSDT
SAT,SATUSDT
SATO,SATOUSDT
SATOX,SATOXUSDT
SATS,SATSUSDT
SAUBER,SAUBERUSDT
SAUCE,SAUCEUSDT
SAVM,SAVMUSDT
SBR,SBRUSDT
SBR1,SBR1USDT
SBX,SBXUSDT
SC,SCUSDT
SCA,SCAUSDT
SCARCITY,SCARCITYUSDT
SCB,SCBUSDT
SCC,SCCUSDT
SCCP,SCCPUSDT
SCF,SCFUSDT
SCIHUB,SCIHUBUSDT
SCOT,SCOTUSDT
SCOTTY,SCOTTYUSDT
SCOTTYAI,SCOTTYAIUSDT
SCPT,SCPTUSDT
SCR,SCRUSDT
SCRT,SCRTUSDT
SD,SDUSDT
SDEX,SDEXUSDT
SDL,SDLUSDT
SDM,SDMUSDT
SDN,SDNUSDT
SDR,SDRUSDT
SDT,SDTUSDT
SEAM,SEAMUSDT
SECOND,SECONDUSDT
SECU,SECUUSDT
SEDA,SEDAUSDT
SEED,SEEDUSDT
SEI,SEIUSDT
SEILOR,SEILORUSDT
SEIYAN,SEIYANUSDT
SEN,"SENUSDT, SENUSDC"
SENATE,SENATEUSDT
SEND,SENDUSDT
SENSO,SENSOUSDT
SER,SERUSDT
SERA,SERAUSDT
SERAPH,"SERAPHUSDC, SERAPHUSDT"
SERO,SEROUSDT
SERSH,SERSHUSDT
SETAI,SETAIUSDT
SEX,SEXUSDT
SEXY,SEXYUSDT
SFI,SFIUSDT
SFIN,SFINUSDT
SFL,SFLUSDT
SFM,SFMUSDT
SFP,SFPUSDT
SFT,SFTUSDT
SFUND,SFUNDUSDT
SGB,SGBUSDT
SGE,SGEUSDT
SGPT,SGPTUSDT
SGT,SGTUSDT
SHARKCAT,SHARKCATUSDT
SHELL,SHELLUSDT
SHIB,"SHIBUSDC, SHIBUSDT"
SHIB2,SHIB2USDT
SHIBA,SHIBAUSDT
SHIBASHOOT,SHIBASHOOTUSDT
SHIBOO,SHIBOOUSDT
SHIBSOL,SHIBSOLUSDT
SHIDO,SHIDOUSDT
SHIFU,SHIFUUSDT
SHILL,SHILLUSDT
SHIRO,SHIROUSDT
SHIRYO,SHIRYOUSDT
SHITC,SHITCUSDT
SHONG,SHONGUSDT
SHOOT,SHOOTUSDT
SHROOMY,SHROOMYUSDT
SHRUB,SHRUBUSDT
SHX,SHXUSDT
SIDUS,SIDUSUSDT
SIGMA,SIGMAUSDT
SIMPSON,SIMPSONUSDT
SIN,SINUSDT
SIREN,SIRENUSDT
SIRIUS,SIRIUSUSDT
SITY,SITYUSDT
SIX,SIXUSDT
SKAI,SKAIUSDT
SKI,SKIUSDT
SKICAT,SKICATUSDT
SKL,SKLUSDT
SKOP,SKOPUSDT
SKR,SKRUSDT
SKX,SKXUSDT
SLAP,SLAPUSDT
SLC,SLCUSDT
SLERF,SLERFUSDT
SLF,SLFUSDT
SLIM,SLIMUSDT
SLING,SLINGUSDT
SLN,SLNUSDT
SLP,SLPUSDT
SLT,SLTUSDT
SMARS,SMARSUSDT
SMART,SMARTUSDT
SMARTAI,SMARTAIUSDT
SMILE,SMILEUSDT
SMILEY,SMILEYUSDT
SML,SMLUSDT
SMOG,SMOGUSDT
SMOLE,SMOLEUSDT
SMR,SMRUSDT
SMT,SMTUSDT
SMURFCAT,SMURFCATUSDT
SMX,SMXUSDT
SNAI,SNAIUSDT
SNAP,SNAPUSDT
SNEK,SNEKUSDT
SNFT,SNFTUSDT
SNIFT,SNIFTUSDT
SNPT,SNPTUSDT
SNRN,SNRNUSDT
SNS,SNSUSDT
SNSY,SNSYUSDT
SNT,SNTUSDT
SNX,SNXUSDT
SOAR,SOARUSDT
SOCIAL,SOCIALUSDT
SOEX,SOEXUSDT
SOH,SOHUSDT
SOIL,SOILUSDT
SOL,"SOLUSDT, SOLUSDC"
SOLAMA,SOLAMAUSDT
SOLAR,SOLARUSDT
SOLO,SOLOUSDT
SOLS,SOLSUSDT
SOLV,SOLVUSDT
SOLVEX,SOLVEXUSDT
SOLX,SOLXUSDT
SON,SONUSDT
SONIC,SONICUSDT
SOON,SOONUSDT
SOONX,SOONXUSDT
SOPH,SOPHUSDT
SORA,SORAUSDT
SOSO,"SOSOUSDC, SOSOUSDT"
SOUL,SOULUSDT
SOULS,SOULSUSDT
SOUTH,SOUTHUSDT
SOV,SOVUSDT
SOVM,SOVMUSDT
SOVRN,SOVRNUSDT
SPA,SPAUSDT
SPACE,SPACEUSDT
SPACEPI,SPACEPIUSDT
SPARKLET,SPARKLETUSDT
SPEC,SPECUSDT
SPEED,SPEEDUSDT
SPELL,SPELLUSDT
SPFC,SPFCUSDT
SPHR,SPHRUSDT
SPICE,SPICEUSDT
SPKY,SPKYUSDT
SPLASH,SPLASHUSDT
SPN,SPNUSDT
SPOL,SPOLUSDT
SPONSTAR,SPONSTARUSDT
SPORE,SPOREUSDT
SPS,SPSUSDT
SPT,SPTUSDT
SPX,SPXUSDT
SQD,SQDUSDT
SQGROW,SQGROWUSDT
SQT,SQTUSDT
SQUAD,SQUADUSDT
SR30,SR30USDT
SRDS,SRDSUSDT
SRM,SRMUSDT
SSE,SSEUSDT
SSNC,SSNCUSDT
SSV,SSVUSDT
SSWP,SSWPUSDT
STAGE,STAGEUSDT
STAR,STARUSDT
STAR10,STAR10USDT
STARL,STARLUSDT
STARS,STARSUSDT
STAT,STATUSDT
STBOT,STBOTUSDT
STBU,STBUUSDT
STC,STCUSDT
STEEM,STEEMUSDT
STEPN,STEPNUSDT
STETH,STETHUSDT
STFX,STFXUSDT
STG,STGUSDT
STITCH,STITCHUSDT
STND,STNDUSDT
STNK,STNKUSDT
STO,"STOUSDC, STOUSDT"
STOG,STOGUSDT
STONKS,STONKSUSDT
STONKSTOKEN,STONKSTOKENUSDT
STORJ,STORJUSDT
STORM,STORMUSDT
STOS,STOSUSDT
STPT,STPTUSDT
STRAWBERRYAI,STRAWBERRYAIUSDT
STRD,STRDUSDT
STRDY,STRDYUSDT
STREAM,STREAMUSDT
STRIKE,STRIKEUSDT
STRK,STRKUSDT
STRM,STRMUSDT
STRUMP,STRUMPUSDT
STRX,STRXUSDT
STUFF,STUFFUSDT
STX,STXUSDT
SUAI,SUAIUSDT
SUI,"SUIUSDT, SUIUSDC"
SUIAI,SUIAIUSDT
SUICY,SUICYUSDT
SUIDEPIN,SUIDEPINUSDT
SUIP,SUIPUSDT
SUIRWA,SUIRWAUSDT
SUKU,SUKUUSDT
SUN,SUNUSDT
SUNCAT,SUNCATUSDT
SUNDOG,SUNDOGUSDT
SUNWUKONG,SUNWUKONGUSDT
SUP,SUPUSDT
SUPERAI,SUPERAIUSDT
SUPERANON,SUPERANONUSDT
SUPR,SUPRUSDT
SUPRA,"SUPRAUSDC, SUPRAUSDT"
SUSHI,SUSHIUSDT
SUT,SUTUSDT
SVJ,SVJUSDT
SVL,SVLUSDT
SVN,SVNUSDT
SVPN,SVPNUSDT
SVTS,SVTSUSDT
SWAN,SWANUSDT
SWAP,SWAPUSDT
SWARMS,SWARMSUSDT
SWASH,SWASHUSDT
SWCH,SWCHUSDT
SWEAT,SWEATUSDT
SWELL,SWELLUSDT
SWFTC,SWFTCUSDT
SWGT,SWGTUSDT
SWING,SWINGUSDT
SWINGBY,SWINGBYUSDT
SWX,SWXUSDT
SXP,SXPUSDT
SYL,SYLUSDT
SYLO,SYLOUSDT
SYN,SYNUSDT
SYNC,SYNCUSDT
SYNT,SYNTUSDT
SYNTH,SYNTHUSDT
SYRUP,SYRUPUSDT
SYS,SYSUSDT
T,TUSDT
T3AI,T3AIUSDT
TABOO,TABOOUSDT
TADA,TADAUSDT
TAI,TAIUSDT
TAIKO,TAIKOUSDT
TALENT,TALENTUSDT
TALK,TALKUSDT
TAMA,TAMAUSDT
TANPIN,TANPINUSDT
TAO,"TAOUSDT, TAOUSDC"
TAOCAT,TAOCATUSDT
TAONU,TAONUUSDT
TAP,TAPUSDT
TAPS,TAPSUSDT
TARA,TARAUSDT
TATSU,TATSUUSDT
TAVA,TAVAUSDT
TBC,TBCUSDT
TBULL,TBULLUSDT
TCAPY,TCAPYUSDT
TCGC,TCGCUSDT
TCT,TCTUSDT
TEL,TELUSDT
TELEMON,TELEMONUSDT
TEMA,TEMAUSDT
TENET,TENETUSDT
TERM,TERMUSDT
TERMINUS,TERMINUSUSDT
TERRA,TERRAUSDT
TESLAI,TESLAIUSDT
TET,TETUSDT
TETSUO,TETSUOUSDT
TEVA,TEVAUSDT
TFI,TFIUSDT
TFUEL,TFUELUSDT
TGRASS,TGRASSUSDT
THE,THEUSDT
THEPROTOCOL,THEPROTOCOLUSDT
THG,THGUSDT
THL,THLUSDT
THREE,THREEUSDT
TIA,"TIAUSDC, TIAUSDT"
TICO,TICOUSDT
TIM,TIMUSDT
TIN,TINUSDT
TITAN,TITANUSDT
TITS,TITSUSDT
TJRM,TJRMUSDT
TKAI,TKAIUSDT
TKO,TKOUSDT
TKX,TKXUSDT
TLC,TLCUSDT
TLF,TLFUSDT
TLM,TLMUSDT
TLOS,TLOSUSDT
TMAI,TMAIUSDT
TNSR,TNSRUSDT
TNT,TNTUSDT
TOAD,TOADUSDT
TOKE,TOKEUSDT
TOKEN,TOKENUSDT
TOKKI,TOKKIUSDT
TOM,TOMUSDT
TOMA,TOMAUSDT
TOMI,TOMIUSDT
TON,"TONUSDC, TONUSDT"
TONNY,TONNYUSDT
TONUP,TONUPUSDT
TOP,TOPUSDT
TORN,TORNUSDT
TORSY,TORSYUSDT
TOSHI,TOSHIUSDT
TPT,TPTUSDT
TPY,TPYUSDT
TRAC,TRACUSDT
TRACE,TRACEUSDT
TRADE,TRADEUSDT
TRAVA,TRAVAUSDT
TRC,TRCUSDT
TRCL,TRCLUSDT
TREAT,TREATUSDT
TREMP,TREMPUSDT
TRIAS,TRIASUSDT
TRIBE,TRIBEUSDT
TRIO,TRIOUSDT
TRISIG,TRISIGUSDT
TRKX,TRKXUSDT
TROLL,TROLLUSDT
TRT,TRTUSDT
TRU,TRUUSDT
TRU1,TRU1USDT
TRUF,TRUFUSDT
TRUMP,"TRUMPUSDC, TRUMPUSDT"
TRUMP1,TRUMP1USDT
TRUMP2024,TRUMP2024USDT
TRUMP404,TRUMP404USDT
TRUMPCOIN,TRUMPCOINUSDT
TRUMPEPE,TRUMPEPEUSDT
TRUMPIUS,TRUMPIUSUSDT
TRVL,TRVLUSDT
TRX,"TRXUSDC, TRXUSDT"
TRYB,TRYBUSDT
TST,TSTUSDT
TSUKA,TSUKAUSDT
TTCOIN,TTCOINUSDT
TTM,TTMUSDT
TTT,TTTUSDT
TUA,TUAUSDT
TUBES,TUBESUSDT
TUNA,TUNAUSDT
TUP,TUPUSDT
TURBO,"TURBOUSDC, TURBOUSDT"
TUSD,TUSDUSDT
TUT,TUTUSDT
TUXC,TUXCUSDT
TWIF,TWIFUSDT
TWT,TWTUSDT
TYT,TYTUSDT
U,UUSDT
U2U,U2UUSDT
UBU,UBUUSDT
UBX,UBXUSDT
UBXS,UBXSUSDT
UCO,UCOUSDT
UDAO,UDAOUSDT
UDS,UDSUSDT
UFD,UFDUSDT
UFO,UFOUSDT
UFT,UFTUSDT
ULTI,ULTIUSDT
ULTIMA,"ULTIMAUSDC, ULTIMAUSDT"
ULX,ULXUSDT
UMA,UMAUSDT
UMB,UMBUSDT
UNFI,UNFIUSDT
UNI,"UNIUSDC, UNIUSDT"
UNIBOT,UNIBOTUSDT
UNICE,UNICEUSDT
UNIO,UNIOUSDT
UNISUI,UNISUIUSDT
UNIT0,UNIT0USDT
UNLEASH,UNLEASHUSDT
UNM,UNMUSDT
UNO,UNOUSDT
UNP,UNPUSDT
UPC,UPCUSDT
UPO,UPOUSDT
UPT,UPTUSDT
UQC,UQCUSDT
URO,UROUSDT
USA,USAUSDT
USDC,USDCUSDT
USDE,USDEUSDT
USDM,USDMUSDT
USDP,USDPUSDT
USTC,USTCUSDT
USUAL,USUALUSDT
UTK,UTKUSDT
UWON,UWONUSDT
UXLINK,UXLINKUSDT
VADER,VADERUSDT
VAI,VAIUSDT
VAIX,VAIXUSDT
VALOR,VALORUSDT
VANA,VANAUSDT
VANRY,VANRYUSDT
VARA,VARAUSDT
VARCH,VARCHUSDT
VC,VCUSDT
VCF,VCFUSDT
VEE,VEEUSDT
VEIL,VEILUSDT
VELA,VELAUSDT
VELAR,VELARUSDT
VELO,VELOUSDT
VELODROME,VELODROMEUSDT
VEMP,VEMPUSDT
VENOM,VENOMUSDT
VERT,VERTUSDT
VES,VESUSDT
VET,VETUSDT
VEX,VEXUSDT
VEXT,VEXTUSDT
VGX,VGXUSDT
VIA,VIAUSDT
VIC,VICUSDT
VICE,VICEUSDT
VICS,VICSUSDT
VIDT,VIDTUSDT
VINE,VINEUSDT
VINU,VINUUSDT
VIRTUAL,"VIRTUALUSDC, VIRTUALUSDT"
VISION,VISIONUSDT
VISTA,VISTAUSDT
VITE,VITEUSDT
VIVI,VIVIUSDT
VMINT,VMINTUSDT
VNTR,VNTRUSDT
VOI,VOIUSDT
VOID,VOIDUSDT
VOLT,VOLTUSDT
VOLTAGE,VOLTAGEUSDT
VON,VONUSDT
VOW,VOWUSDT
VOXEL,VOXELUSDT
VPP,VPPUSDT
VPR,VPRUSDT
VPT,VPTUSDT
VR,VRUSDT
VRA,VRAUSDT
VRL,VRLUSDT
VRTX,VRTXUSDT
VSC,VSCUSDT
VSYS,VSYSUSDT
VTHO,VTHOUSDT
VTN,VTNUSDT
VVAIFU,VVAIFUUSDT
VVV,VVVUSDT
W,WUSDT
W3F,W3FUSDT
W3GG,W3GGUSDT
W3S,W3SUSDT
WAFFLES,WAFFLESUSDT
WAGMIGAMES,WAGMIGAMESUSDT
WAL,"WALUSDC, WALUSDT"
WALK,WALKUSDT
WALLET,WALLETUSDT
WALV,WALVUSDT
WAS,WASUSDT
WAT,WATUSDT
WATER,WATERUSDT
WATERSOL,WATERSOLUSDT
WAV,WAVUSDT
WAVES,"WAVESUSDT, WAVESUSDC"
WAXL,WAXLUSDT
WAXP,WAXPUSDT
WBC,WBCUSDT
WBT,WBTUSDT
WBTC,"WBTCUSDT, WBTCUSDC"
WCO,WCOUSDT
WCT,"WCTUSDT, WCTUSDC"
WEB3,WEB3USDT
WECO,WECOUSDT
WEEBS,WEEBSUSDT
WEFI,WEFIUSDT
WELF,WELFUSDT
WELL,WELLUSDT
WELSH,WELSHUSDT
WEMIX,WEMIXUSDT
WEN,WENUSDT
WEPE,WEPEUSDT
WEXO,"WEXOUSDT, WEXOUSDC"
WFT,WFTUSDT
WHITE,"WHITEUSDT, WHITEUSDC"
WHY,WHYUSDT
WIF,WIFUSDT
WILD,WILDUSDT
WIN,WINUSDT
WING,WINGUSDT
WINR,WINRUSDT
WINX,WINXUSDT
WIT,WITUSDT
WITCH,WITCHUSDT
WIZZ,WIZZUSDT
WLD,WLDUSDT
WLTH,WLTHUSDT
WMTX,WMTXUSDT
WNCG,WNCGUSDT
WNK,WNKUSDT
WNT,WNTUSDT
WNXM,WNXMUSDT
WOD,WODUSDT
WOJAK,WOJAKUSDT
WOLF,WOLFUSDT
WOLFS,WOLFSUSDT
WOO,WOOUSDT
WORK,WORKUSDT
WPAY,WPAYUSDT
WQUIL,WQUILUSDT
WRKX,WRKXUSDT
WSDM,WSDMUSDT
WSG,WSGUSDT
WSI,WSIUSDT
WSM,WSMUSDT
WUF,WUFUSDT
WUSD,WUSDUSDT
WVTRS,WVTRSUSDT
WWY,WWYUSDT
WX,WXUSDT
WXM,WXMUSDT
WXT,WXTUSDT
X,XUSDT
XAI,XAIUSDT
XAI2,XAI2USDT
XAR,XARUSDT
XAUT,XAUTUSDT
XAVA,XAVAUSDT
XB,XBUSDT
XBLAZE,XBLAZEUSDT
XCAD,XCADUSDT
XCH,XCHUSDT
XCHNG,XCHNGUSDT
XCN,XCNUSDT
XCV,XCVUSDT
XDB,XDBUSDT
XDC,XDCUSDT
XEC,XECUSDT
XEL,XELUSDT
XELS,XELSUSDT
XEN,"XENUSDT, XENUSDC"
XEP,XEPUSDT
XERS,XERSUSDT
XETA,XETAUSDT
XFI,XFIUSDT
XHP,XHPUSDT
XI,XIUSDT
XIN,XINUSDT
XION,XIONUSDT
XLM,"XLMUSDT, XLMUSDC"
XLS,XLSUSDT
XMR,"XMRUSDC, XMRUSDT"
XNA,XNAUSDT
XODEX,XODEXUSDT
XONE,XONEUSDT
XOXNO,XOXNOUSDT
XOXO,XOXOUSDT
XP,XPUSDT
XPLA,XPLAUSDT
XPM,XPMUSDT
XPR,XPRUSDT
XR,XRUSDT
XRD,XRDUSDT
XRP,"XRPUSDT, XRPUSDC"
XRP2,XRP2USDT
XRPAYNET,XRPAYNETUSDT
XRPC,XRPCUSDT
XRPH,XRPHUSDT
XSPECTAR,XSPECTARUSDT
XSWAP,XSWAPUSDT
XTER,XTERUSDT
XTM,XTMUSDT
XTZ,XTZUSDT
XUSD,XUSDUSDT
XVG,XVGUSDT
XVS,XVSUSDT
XWGT,XWGTUSDT
XX,XXUSDT
XYM,XYMUSDT
XYRO,XYROUSDT
Y8U,Y8UUSDT
YAKA,YAKAUSDT
YAY,YAYUSDT
YBR,YBRUSDT
YFI,YFIUSDT
YFII,YFIIUSDT
YGG,YGGUSDT
YIDO,YIDOUSDT
YNE,YNEUSDT
YOLO,YOLOUSDT
YOURAI,YOURAIUSDT
YPRED,YPREDUSDT
YULI,YULIUSDT
YZYSOL,YZYSOLUSDT
Z,ZUSDT
ZAI,ZAIUSDT
ZANO,ZANOUSDT
ZAX,ZAXUSDT
ZBCN,ZBCNUSDT
ZBU,ZBUUSDT
ZCD,ZCDUSDT
ZCX,ZCXUSDT
ZEBU,ZEBUUSDT
ZEC,ZECUSDT
ZEE,ZEEUSDT
ZELIX,ZELIXUSDT
ZEN,ZENUSDT
ZENIX,ZENIXUSDT
ZENQ,ZENQUSDT
ZENT,ZENTUSDT
ZEPH,ZEPHUSDT
ZERC,ZERCUSDT
ZEREBRO,ZEREBROUSDT
ZERO,ZEROUSDT
ZETA,ZETAUSDT
ZETRIX,ZETRIXUSDT
ZEUS,ZEUSUSDT
ZEX,ZEXUSDT
ZF,ZFUSDT
ZIG,ZIGUSDT
ZIGAP,ZIGAPUSDT
ZIL,ZILUSDT
ZK,ZKUSDT
ZKF,ZKFUSDT
ZKID,ZKIDUSDT
ZKJ,ZKJUSDT
ZKL,ZKLUSDT
ZKP,ZKPUSDT
ZLW,ZLWUSDT
ZND,ZNDUSDT
ZOO,ZOOUSDT
ZPAY,ZPAYUSDT
ZRC,ZRCUSDT
ZRO,ZROUSDT
ZRX,ZRXUSDT
ZTX,ZTXUSDT
ZULU,ZULUUSDT
ZUZALU,ZUZALUUSDT
ZYN,ZYNUSDT
ZYPTO,ZYPTOUSDT
