Token Name,Ticker,Pair
BROCK,BROCK,USDT
BNT,BNT,USDT
NTX,NTX,USDT
DEVVE,DEVVE,USDT
XOXNO,XOXNO,USDT
HTR,HTR,USDT
GQB,GQB,USDT
VOXEL,VOXEL,USDT
LVN,LVN,USDT
LOKA,LOKA,USDT
DEFI,DEFI,USDT
TURBO,TURBO,USDC
SSE,SSE,USDT
F3,F3,USDT
TKAI,TKAI,USDT
CATTON,CATTON,USDT
MANEKI,MANEKI,USDT
AR,AR,USDT
BFIC,BFIC,USDT
SNT,SNT,USDT
BAKE,BAKE,USDT
SWASH,SWASH,USDT
IXS,IXS,USDT
ROAM,ROAM,USDT
EVER,EVER,USDT
RINGAI,RINGAI,USDT
HANDY,HANDY,USDT
OZONE,OZONE,USDT
TUA,TUA,USDT
MYTH,MYTH,USDT
GCOTI,GCOTI,USDT
MAIV,MAIV,USDT
OOKI,OOKI,USDT
DF,DF,USDT
BOSON,BOSON,USDT
SKAI,SKAI,USDT
DOLZ,DOLZ,USDT
UBX,UBX,USDT
VALOR,VALOR,USDT
NFT,NFT,USDT
GPTV,GPTV,USDT
ALEO,ALEO,USDT
CATS,CATS,USDT
FAT,FAT,USDT
SCC,SCC,USDT
BERRY,BERRY,USDT
INSP,INSP,USDT
GHT,GHT,USDT
ATRS,ATRS,USDT
IQ,IQ,USDT
LYUM,LYUM,USDT
GRIFFAIN,GRIFFAIN,USDT
NTRN,NTRN,USDT
TOAD,TOAD,USDT
SEED,SEED,USDT
MORRA,MORRA,USDT
MUBARAKAH,MUBARAKAH,USDT
RSR,RSR,USDT
NS,NS,USDT
IRIS,IRIS,USDT
XPLA,XPLA,USDT
IDEA,IDEA,USDT
T3AI,T3AI,USDT
AXOL,AXOL,USDT
GLINT,GLINT,USDT
BIO,BIO,USDT
EMRLD,EMRLD,USDT
NAC,NAC,USDT
AIDOGE,AIDOGE,USDT
SOL,SOL,USDT
E4C,E4C,USDT
AA,AA,USDT
NAP,NAP,USDT
QLINDO,QLINDO,USDT
HRT,HRT,USDT
KDA,KDA,USDT
XEN,XEN,USDT
PNIC,PNIC,USDT
DOVU,DOVU,USDT
INJ,INJ,USDT
ELAND,ELAND,USDT
GEL,GEL,USDT
JUSTICE,JUSTICE,USDT
FIO,FIO,USDT
HIFI,HIFI,USDT
BSTC,BSTC,USDT
ROCK,ROCK,USDT
LAMB,LAMB,USDT
MELANIA,MELANIA,USDT
EUR,EUR,USDT
ATNT,ATNT,USDT
REF,REF,USDT
DOBO,DOBO,USDT
OBORTECH,OBORTECH,USDT
ONDO,ONDO,USDT
DKA,DKA,USDT
BVT,BVT,USDT
LIXX,LIXX,USDT
KANG,KANG,USDT
SABAI,SABAI,USDT
KPN,KPN,USDT
GOAT,GOAT,USDT
BOND,BOND,USDT
WEEBS,WEEBS,USDT
OVER,OVER,USDT
OKM,OKM,USDT
TRX,TRX,USDC
SYLO,SYLO,USDT
SHIBSOL,SHIBSOL,USDT
CATEETH,CATEETH,USDT
VSYS,VSYS,USDT
TFI,TFI,USDT
M,M,USDT
DOGWIFHAT,DOGWIFHAT,USDT
CATI,CATI,USDT
SPHR,SPHR,USDT
TBC,TBC,USDT
ATR,ATR,USDT
VELO,VELO,USDT
MRMINT,MRMINT,USDT
GARI,GARI,USDT
LPT,LPT,USDT
MONG,MONG,USDT
KIKI,KIKI,USDT
AM,AM,USDT
RX,RX,USDT
ORAI,ORAI,USDT
SYNTH,SYNTH,USDT
RIZO,RIZO,USDT
LTC,LTC,USDC
SBR1,SBR1,USDT
ENA,ENA,USDC
ZKJ,ZKJ,USDT
AIMMT,AIMMT,USDT
VNTR,VNTR,USDT
HAROLD,HAROLD,USDT
FLY,FLY,USDT
LTT,LTT,USDT
CONV,CONV,USDT
BCB,BCB,USDT
AIBERA,AIBERA,USDT
ICNX,ICNX,USDT
WELL,WELL,USDT
JUP,JUP,USDT
SOEX,SOEX,USDT
EPX,EPX,USDT
MERL,MERL,USDT
AIDEEPGAMES,AIDEEPGAMES,USDT
TREMP,TREMP,USDT
PYTHIA,PYTHIA,USDT
ZYPTO,ZYPTO,USDT
PKR,PKR,USDT
GRIFT,GRIFT,USDT
TROLL,TROLL,USDT
AIRI,AIRI,USDT
GTCAI,GTCAI,USDT
SYS,SYS,USDT
MDOGS,MDOGS,USDT
TEVA,TEVA,USDT
LEE,LEE,USDT
DOVA,DOVA,USDT
KERNEL,KERNEL,USDC
AVAX,AVAX,USDT
KITEAI,KITEAI,USDT
TJRM,TJRM,USDT
XWGT,XWGT,USDT
CAW,CAW,USDC
CELR,CELR,USDT
AIGPT,AIGPT,USDT
ANDYCOINBSC,ANDYCOINBSC,USDT
SUI,SUI,USDT
NEXO,NEXO,USDT
LOTT,LOTT,USDT
NYA,NYA,USDT
PUSS,PUSS,USDT
WEB3,WEB3,USDT
PHY,PHY,USDT
AKUMA,AKUMA,USDT
FDUSD,FDUSD,USDT
EAI,EAI,USDT
BLOCX,BLOCX,USDT
TAO,TAO,USDT
OMG,OMG,USDT
ERG,ERG,USDT
CDA,CDA,USDT
PHNIX,PHNIX,USDT
AINU,AINU,USDT
NEI,NEI,USDT
HTM,HTM,USDT
MUNITY,MUNITY,USDT
SNSY,SNSY,USDT
TAO,TAO,USDC
MAV,MAV,USDT
PNDR,PNDR,USDT
GTON,GTON,USDT
ATAT,ATAT,USDT
ARIX,ARIX,USDT
EPIC,EPIC,USDT
STREAM,STREAM,USDT
SEXY,SEXY,USDT
HEMULE,HEMULE,USDT
BERA,BERA,USDT
HIPPOP,HIPPOP,USDT
FIL,FIL,USDC
SEI,SEI,USDT
POWERAI,POWERAI,USDT
BAI,BAI,USDT
TRIO,TRIO,USDT
COM,COM,USDT
NEXA,NEXA,USDT
GINNAN,GINNAN,USDT
GAINS,GAINS,USDT
K21,K21,USDT
ZEBU,ZEBU,USDT
BITBULL,BITBULL,USDT
WBTC,WBTC,USDT
AURA,AURA,USDT
HIPPOSWAP,HIPPOSWAP,USDT
BVM,BVM,USDT
ZAX,ZAX,USDT
LESTER,LESTER,USDT
BXX,BXX,USDT
HEI,HEI,USDT
NZERO,NZERO,USDT
MANA,MANA,USDT
FROC,FROC,USDT
COCK,COCK,USDT
PSP,PSP,USDT
CHRP,CHRP,USDT
TAONU,TAONU,USDT
COREUM,COREUM,USDT
JAILSTOOL,JAILSTOOL,USDT
OOE,OOE,USDT
ALGO,ALGO,USDT
SSNC,SSNC,USDT
BLY,BLY,USDT
TUXC,TUXC,USDT
GSWIFT,GSWIFT,USDT
STRM,STRM,USDT
NRS,NRS,USDT
LAYER,LAYER,USDT
AKITAX,AKITAX,USDT
ONT,ONT,USDT
SWELL,SWELL,USDT
CRO,CRO,USDT
SGPT,SGPT,USDT
WING,WING,USDT
BLZ,BLZ,USDT
KAT,KAT,USDT
RVN,RVN,USDT
KALIS,KALIS,USDT
LAIKAL2,LAIKAL2,USDT
CWOLF,CWOLF,USDT
PIGCOIN,PIGCOIN,USDT
TRX,TRX,USDT
ELG,ELG,USDT
DOMIN,DOMIN,USDT
VIDT,VIDT,USDT
SNAP,SNAP,USDT
AIPUMP,AIPUMP,USDT
BNA,BNA,USDT
CHONKY,CHONKY,USDT
THL,THL,USDT
CHZ,CHZ,USDT
VAI,VAI,USDT
REX,REX,USDT
DHN,DHN,USDT
LITH,LITH,USDT
SHILL,SHILL,USDT
BABYBTC,BABYBTC,USDT
AIXBT,AIXBT,USDC
MAGIC,MAGIC,USDT
ZOO,ZOO,USDT
OL,OL,USDT
NODL,NODL,USDT
DBR,DBR,USDT
ATOM,ATOM,USDC
AUTO,AUTO,USDT
VICE,VICE,USDT
MOGUL,MOGUL,USDT
BDC,BDC,USDT
DOGGOSOL,DOGGOSOL,USDT
BICITY,BICITY,USDT
NULS,NULS,USDT
FANC,FANC,USDT
DEFX,DEFX,USDT
PROS,PROS,USDT
MLN,MLN,USDT
SIN,SIN,USDT
VRA,VRA,USDT
PS,PS,USDT
CATCOIN,CATCOIN,USDT
WNT,WNT,USDT
W3S,W3S,USDT
HAI,HAI,USDT
NIMBUS,NIMBUS,USDT
DCOIN,DCOIN,USDT
MAXSOL,MAXSOL,USDT
POPCAT,POPCAT,USDC
CHR,CHR,USDT
TRAVA,TRAVA,USDT
S,S,USDT
TABOO,TABOO,USDT
SHELL,SHELL,USDT
COOKIE,COOKIE,USDT
LB,LB,USDT
MARS,MARS,USDT
SER,SER,USDT
SDEX,SDEX,USDT
ISP,ISP,USDT
FACT,FACT,USDT
STOG,STOG,USDT
PONKE,PONKE,USDT
PEAQ,PEAQ,USDT
BNC,BNC,USDT
MILLI,MILLI,USDT
ROCKI,ROCKI,USDT
WLTH,WLTH,USDT
WNCG,WNCG,USDT
CSIX,CSIX,USDT
DPR,DPR,USDT
NGC,NGC,USDT
DEPC,DEPC,USDT
KATA,KATA,USDT
LIBRA,LIBRA,USDT
ENF,ENF,USDT
FAVE,FAVE,USDT
FINC,FINC,USDT
GUMMY,GUMMY,USDT
SANTOS,SANTOS,USDT
CAW,CAW,USDT
AEGIS,AEGIS,USDT
OSOL,OSOL,USDT
XEC,XEC,USDT
HEU,HEU,USDT
FORM,FORM,USDT
BERT,BERT,USDT
DCB,DCB,USDT
LION,LION,USDT
BNBXBT,BNBXBT,USDT
DEFROGS,DEFROGS,USDT
RIVAL,RIVAL,USDT
PRQ,PRQ,USDT
SLP,SLP,USDT
SBX,SBX,USDT
ETHW,ETHW,USDT
LKI,LKI,USDT
SAT,SAT,USDT
YAY,YAY,USDT
AVG,AVG,USDT
DOGE,DOGE,USDT
SQGROW,SQGROW,USDT
KLV,KLV,USDT
IUS,IUS,USDT
ZTX,ZTX,USDT
KP3R,KP3R,USDT
FTON,FTON,USDT
SOSO,SOSO,USDC
TOKKI,TOKKI,USDT
ESE,ESE,USDT
TLM,TLM,USDT
RET,RET,USDT
WVTRS,WVTRS,USDT
FITFI,FITFI,USDT
TRU1,TRU1,USDT
POOLX,POOLX,USDT
KEKE,KEKE,USDT
DYP,DYP,USDT
NRK,NRK,USDT
MYST,MYST,USDT
KAI,KAI,USDT
REM,REM,USDT
ADN,ADN,USDT
GROKAI,GROKAI,USDT
ARPA,ARPA,USDT
PEPA,PEPA,USDT
RPL,RPL,USDT
DIKO,DIKO,USDT
MNT,MNT,USDC
AES,AES,USDT
STRK,STRK,USDT
RAI,RAI,USDT
BLOK,BLOK,USDT
BAKED,BAKED,USDT
ASTR,ASTR,USDT
A8,A8,USDT
GOMINING,GOMINING,USDT
XRP,XRP,USDT
ASTO,ASTO,USDT
ZEE,ZEE,USDT
ART,ART,USDT
CRAI,CRAI,USDT
LF1,LF1,USDT
COCORO,COCORO,USDT
FNF,FNF,USDT
IDEX,IDEX,USDT
DOGINME,DOGINME,USDT
MICRO,MICRO,USDT
MULTI,MULTI,USDT
HOLDSTATION,HOLDSTATION,USDT
LUNC,LUNC,USDT
KHEOWZOO,KHEOWZOO,USDT
FLM,FLM,USDT
CPK,CPK,USDT
ALEPH,ALEPH,USDT
HOSKY,HOSKY,USDT
CLANKER,CLANKER,USDT
RXD,RXD,USDT
ATLAS,ATLAS,USDT
GBCK,GBCK,USDT
SAND,SAND,USDT
SQT,SQT,USDT
AIFUN,AIFUN,USDT
XPR,XPR,USDT
PSG,PSG,USDT
MFER,MFER,USDT
KINIC,KINIC,USDT
XMR,XMR,USDC
SUSHI,SUSHI,USDT
LUNAI,LUNAI,USDT
CVN,CVN,USDT
CAPTAINBNB,CAPTAINBNB,USDT
SXP,SXP,USDT
AGII,AGII,USDT
AIPAY,AIPAY,USDT
KEKIUS,KEKIUS,USDC
MOODENGETH,MOODENGETH,USDT
ELIZA,ELIZA,USDT
HMSTR,HMSTR,USDT
INFRA,INFRA,USDT
CAU,CAU,USDT
EWA,EWA,USDT
KARATE,KARATE,USDT
VRL,VRL,USDT
AVAXAI,AVAXAI,USDT
GVL,GVL,USDT
REVV,REVV,USDT
LAI,LAI,USDT
SPA,SPA,USDT
HNS,HNS,USDT
ID,ID,USDT
ONON,ONON,USDT
AERGO,AERGO,USDT
AIST,AIST,USDT
BTM,BTM,USDT
LOE,LOE,USDT
DOMI,DOMI,USDT
ARRR,ARRR,USDT
KRY,KRY,USDT
OG,OG,USDT
GNS,GNS,USDT
XION,XION,USDT
ZEN,ZEN,USDT
TRUMP,TRUMP,USDC
ZPAY,ZPAY,USDT
HELI,HELI,USDT
SOCIAL,SOCIAL,USDT
JASMY,JASMY,USDC
VEXT,VEXT,USDT
DVA,DVA,USDT
POWER,POWER,USDT
PUNCH,PUNCH,USDT
FINEETH,FINEETH,USDT
SFT,SFT,USDT
VPP,VPP,USDT
AMB,AMB,USDT
OLA,OLA,USDT
XBLAZE,XBLAZE,USDT
GRASS,GRASS,USDT
DERI,DERI,USDT
GEOD,GEOD,USDT
NCDT,NCDT,USDT
ELYS,ELYS,USDT
APHBT,APHBT,USDT
GTA,GTA,USDT
PCX,PCX,USDT
MRS,MRS,USDT
BUBBLE,BUBBLE,USDT
ARTY,ARTY,USDT
ALPHA,ALPHA,USDT
ZETA,ZETA,USDT
AIA,AIA,USDT
POOH,POOH,USDT
SCB,SCB,USDT
BTF,BTF,USDT
OCB,OCB,USDT
CHEX,CHEX,USDT
SHIRO,SHIRO,USDT
TRUMPCOIN,TRUMPCOIN,USDT
ARBGPT,ARBGPT,USDT
SAFE4,SAFE4,USDT
SKL,SKL,USDT
BOBO,BOBO,USDT
GST,GST,USDT
XCAD,XCAD,USDT
LUMOS,LUMOS,USDT
LUM,LUM,USDT
JD98,JD98,USDT
BROWNIE,BROWNIE,USDT
ANIME,ANIME,USDT
CHESS,CHESS,USDT
SWAN,SWAN,USDT
SKX,SKX,USDT
LQR,LQR,USDT
HIPPO,HIPPO,USDT
AICODE,AICODE,USDT
PEPU,PEPU,USDT
VCF,VCF,USDT
PEN,PEN,USDT
JTO,JTO,USDT
1DOLLAR,1DOLLAR,USDT
ATN,ATN,USDT
CERE,CERE,USDT
NET,NET,USDT
MORPHO,MORPHO,USDT
MBD,MBD,USDT
SUP,SUP,USDT
VTN,VTN,USDT
EVMOS,EVMOS,USDT
AXO,AXO,USDT
NEUTON,NEUTON,USDT
MELANIA,MELANIA,USDC
ELON,ELON,USDT
MUBARAK,MUBARAK,USDC
IRON,IRON,USDT
DUKO,DUKO,USDT
G7,G7,USDT
BSCS,BSCS,USDT
NAVI,NAVI,USDT
JAM,JAM,USDT
LKY,LKY,USDT
BUNNY,BUNNY,USDT
EVDC,EVDC,USDT
DOGA,DOGA,USDT
OM,OM,USDT
DOGEAI,DOGEAI,USDT
CHMB,CHMB,USDT
HONEY,HONEY,USDT
BONE,BONE,USDT
ALPINE,ALPINE,USDT
YOURAI,YOURAI,USDT
NAFI,NAFI,USDT
NPCS,NPCS,USDT
FULA,FULA,USDT
RUNE,RUNE,USDT
PACOIN,PACOIN,USDT
PENGU,PENGU,USDC
BADAI,BADAI,USDT
SUIDEPIN,SUIDEPIN,USDT
EPIK,EPIK,USDT
GAMEVIRTUAL,GAMEVIRTUAL,USDT
RDT,RDT,USDT
AIPAD,AIPAD,USDT
SVL,SVL,USDT
EXPERT,EXPERT,USDT
BABYBONK,BABYBONK,USDT
SPELL,SPELL,USDT
NKN,NKN,USDT
GENE,GENE,USDT
FDM,FDM,USDT
WEFI,WEFI,USDT
SUPERANON,SUPERANON,USDT
HPO,HPO,USDT
XCN,XCN,USDT
COPI,COPI,USDT
PINGO,PINGO,USDT
DSYNC,DSYNC,USDT
LISTA,LISTA,USDT
WALV,WALV,USDT
MYSTERY,MYSTERY,USDT
BZZ,BZZ,USDT
NIRVANA,NIRVANA,USDT
DMT,DMT,USDT
AMP,AMP,USDT
REBD,REBD,USDT
ANON,ANON,USDT
TMAI,TMAI,USDT
WATERSOL,WATERSOL,USDT
POLIS,POLIS,USDT
BEFE,BEFE,USDT
EDEN,EDEN,USDT
VIRTUAL,VIRTUAL,USDC
ZRX,ZRX,USDT
DCI,DCI,USDT
SAMA,SAMA,USDT
ORDI,ORDI,USDT
ZAI,ZAI,USDT
AVL,AVL,USDT
GTCOIN,GTCOIN,USDT
ALPH,ALPH,USDT
VOLTAGE,VOLTAGE,USDT
FB,FB,USDT
NOT,NOT,USDT
BBT,BBT,USDT
BROCCOLIF3B,BROCCOLIF3B,USDT
FUSE,FUSE,USDT
BARS,BARS,USDT
UDAO,UDAO,USDT
STBU,STBU,USDT
ARB,ARB,USDT
BASEDPEPE,BASEDPEPE,USDT
GIGA,GIGA,USDT
TRACE,TRACE,USDT
BC,BC,USDT
SVTS,SVTS,USDT
MINIMA,MINIMA,USDT
TON,TON,USDC
NRG,NRG,USDT
WAL,WAL,USDC
GFAL,GFAL,USDT
ASMATCH,ASMATCH,USDT
CLV,CLV,USDT
EURI,EURI,USDT
MIGGLES,MIGGLES,USDT
SNIFT,SNIFT,USDT
PAXE,PAXE,USDT
BITBOARD,BITBOARD,USDT
READY,READY,USDT
EFFECT,EFFECT,USDT
GMX,GMX,USDT
IOST,IOST,USDT
WX,WX,USDT
RENQ,RENQ,USDT
RAD,RAD,USDT
BTCFI,BTCFI,USDT
MINEBTC,MINEBTC,USDT
LADYS,LADYS,USDT
LORDS,LORDS,USDT
O4DX,O4DX,USDT
KERNEL,KERNEL,USDT
BDTC,BDTC,USDT
WUF,WUF,USDT
BABYSORA,BABYSORA,USDT
VEMP,VEMP,USDT
BGSC,BGSC,USDT
HUAHUA,HUAHUA,USDT
ARC,ARC,USDT
SEAM,SEAM,USDT
NEOTECH,NEOTECH,USDT
BANANAS31,BANANAS31,USDT
UPT,UPT,USDT
OMOM,OMOM,USDT
GAME2,GAME2,USDT
CARR,CARR,USDT
LINK,LINK,USDC
AIAGENT,AIAGENT,USDT
BAD,BAD,USDT
SORA,SORA,USDT
SML,SML,USDT
AVAAI,AVAAI,USDT
SEN,SEN,USDT
BILLY,BILLY,USDT
NWS,NWS,USDT
SPLASH,SPLASH,USDT
EDLC,EDLC,USDT
NFC,NFC,USDT
EVADORE,EVADORE,USDT
FLR,FLR,USDT
JWIF,JWIF,USDT
OGGYBSC,OGGYBSC,USDT
TOM,TOM,USDT
CLEAR,CLEAR,USDT
CATCH,CATCH,USDT
BAT,BAT,USDT
CHPD,CHPD,USDT
ELIX,ELIX,USDT
NETVR,NETVR,USDT
SWGT,SWGT,USDT
MKR,MKR,USDT
SOLV,SOLV,USDT
N2T,N2T,USDT
AMO,AMO,USDT
JOY,JOY,USDT
ENS,ENS,USDT
SDL,SDL,USDT
STO,STO,USDC
CBPAY,CBPAY,USDT
LNDX,LNDX,USDT
PYR,PYR,USDT
TURBO,TURBO,USDT
TOMI,TOMI,USDT
SNEK,SNEK,USDT
ALPACA,ALPACA,USDT
ACQ,ACQ,USDT
SBR,SBR,USDT
RGAME,RGAME,USDT
PIP,PIP,USDT
FRC,FRC,USDT
LUIGI,LUIGI,USDT
GURU,GURU,USDT
BMT,BMT,USDT
HNB,HNB,USDT
EVERYAI,EVERYAI,USDT
TUNA,TUNA,USDT
QRL,QRL,USDT
EFC,EFC,USDT
PAWZONE,PAWZONE,USDT
BCUT,BCUT,USDT
BST,BST,USDT
OFT,OFT,USDT
INTER,INTER,USDT
KULA,KULA,USDT
TSUKA,TSUKA,USDT
SPONSTAR,SPONSTAR,USDT
RBNT,RBNT,USDT
BDP,BDP,USDT
GMEE,GMEE,USDT
BABYDOGE,BABYDOGE,USDC
KEYCAT,KEYCAT,USDT
SOULS,SOULS,USDT
WITCH,WITCH,USDT
ATOM,ATOM,USDT
RARE,RARE,USDC
COCA,COCA,USDT
WFT,WFT,USDT
MCOIN,MCOIN,USDT
BLENDR,BLENDR,USDT
BXN,BXN,USDT
TON,TON,USDT
SWX,SWX,USDT
UNICE,UNICE,USDT
BETA,BETA,USDT
TRC,TRC,USDT
KOKU,KOKU,USDT
CHIP,CHIP,USDT
ULTIMA,ULTIMA,USDC
CBK,CBK,USDT
GODL,GODL,USDT
FU,FU,USDT
ZCX,ZCX,USDT
REEF,REEF,USDT
GOGLZ,GOGLZ,USDT
GB,GB,USDT
GTHEDOG,GTHEDOG,USDT
MOODENG,MOODENG,USDT
PLOP,PLOP,USDT
ETC,ETC,USDT
SOH,SOH,USDT
DEP,DEP,USDT
BOB,BOB,USDT
LTD,LTD,USDT
WEMIX,WEMIX,USDT
FARTOKEN,FARTOKEN,USDT
SCF,SCF,USDT
NWC,NWC,USDT
BTCBAM,BTCBAM,USDT
PEPE2,PEPE2,USDT
GON,GON,USDT
WOD,WOD,USDT
REVO,REVO,USDT
TAMA,TAMA,USDT
BAC,BAC,USDT
KIB,KIB,USDT
DBC,DBC,USDT
CWAR,CWAR,USDT
ILV,ILV,USDT
WLD,WLD,USDT
STOS,STOS,USDT
BNY,BNY,USDT
BSA,BSA,USDT
WELSH,WELSH,USDT
TRUF,TRUF,USDT
TLF,TLF,USDT
XRP2,XRP2,USDT
FTT,FTT,USDT
AEVO,AEVO,USDT
TRYB,TRYB,USDT
SLING,SLING,USDT
KIBSHI,KIBSHI,USDT
CHEWY,CHEWY,USDT
NEIRO,NEIRO,USDT
XLM,XLM,USDT
CAT,CAT,USDT
OLAS,OLAS,USDT
MBP,MBP,USDT
MOBY,MOBY,USDT
ORCA,ORCA,USDT
ZUZALU,ZUZALU,USDT
SUPRA,SUPRA,USDC
USDM,USDM,USDT
GROK,GROK,USDT
MCN,MCN,USDT
XLM,XLM,USDC
KRL,KRL,USDT
LMCSWAP,LMCSWAP,USDT
TTM,TTM,USDT
SPACEPI,SPACEPI,USDT
KANGO,KANGO,USDT
CAP,CAP,USDT
OCH,OCH,USDT
UXLINK,UXLINK,USDT
AAVE,AAVE,USDT
FT,FT,USDT
REDX,REDX,USDT
ABEL,ABEL,USDT
CREPE,CREPE,USDT
1CAT,1CAT,USDT
CHEEMS,CHEEMS,USDT
HAHA,HAHA,USDT
GUN,GUN,USDC
PAW,PAW,USDT
FXS,FXS,USDT
OP,OP,USDT
HZN,HZN,USDT
POLS,POLS,USDT
BBB,BBB,USDT
PIVN,PIVN,USDT
HOM,HOM,USDT
SLERF,SLERF,USDT
WATER,WATER,USDT
HEART,HEART,USDT
TAP,TAP,USDT
SRDS,SRDS,USDT
MLT,MLT,USDT
SOLO,SOLO,USDT
VERT,VERT,USDT
DOGEGOV,DOGEGOV,USDT
ZND,ZND,USDT
CTC,CTC,USDT
STND,STND,USDT
ALICE,ALICE,USDT
CVX,CVX,USDT
DFYN,DFYN,USDT
FARTCOIN,FARTCOIN,USDT
PIDOG,PIDOG,USDT
PLANET,PLANET,USDT
GRL,GRL,USDT
BAR,BAR,USDT
HONK,HONK,USDT
ZKP,ZKP,USDT
ALPHAOFSOL,ALPHAOFSOL,USDT
PKTC,PKTC,USDT
HARRY,HARRY,USDT
TRVL,TRVL,USDT
AUKI,AUKI,USDT
TRAC,TRAC,USDT
CAKE,CAKE,USDT
ASSIST,ASSIST,USDT
SAGA,SAGA,USDT
DGH,DGH,USDT
CAS,CAS,USDT
USUAL,USUAL,USDT
LAZIO,LAZIO,USDT
LDY,LDY,USDT
BTY,BTY,USDT
BKN,BKN,USDC
BITCAT,BITCAT,USDT
NEAR,NEAR,USDT
AD,AD,USDT
ABI,ABI,USDT
GRT,GRT,USDT
SAUCE,SAUCE,USDT
LNQ,LNQ,USDT
LITHO,LITHO,USDT
CHO,CHO,USDT
AIAT,AIAT,USDT
RBT,RBT,USDT
KREST,KREST,USDT
TONUP,TONUP,USDT
AVB,AVB,USDT
ANON1,ANON1,USDT
PEM,PEM,USDT
AMC,AMC,USDT
RWA,RWA,USDT
VVAIFU,VVAIFU,USDT
ELONMARS,ELONMARS,USDT
WXT,WXT,USDT
PAID,PAID,USDT
AIOS,AIOS,USDT
AVC,AVC,USDT
XEN,XEN,USDC
EGG,EGG,USDT
NC,NC,USDT
VINE,VINE,USDT
LYP,LYP,USDT
ABX,ABX,USDT
CELLA,CELLA,USDT
DOP,DOP,USDT
OSMO,OSMO,USDT
KLS,KLS,USDT
BRISE,BRISE,USDT
HPEPE,HPEPE,USDT
SHITC,SHITC,USDT
RETARDIO,RETARDIO,USDT
AZIT,AZIT,USDT
YPRED,YPRED,USDT
HOPR,HOPR,USDT
TITAN,TITAN,USDT
SGE,SGE,USDT
KAIA,KAIA,USDT
NOTAI,NOTAI,USDT
FET,FET,USDC
NIL,NIL,USDT
RON,RON,USDT
DYNA,DYNA,USDT
SQUAD,SQUAD,USDT
YIDO,YIDO,USDT
ORD,ORD,USDT
BEAM,BEAM,USDT
ELK,ELK,USDT
NFP,NFP,USDT
KAVA,KAVA,USDT
CRGPT,CRGPT,USDT
MAS,MAS,USDT
CAR,CAR,USDT
JUC,JUC,USDT
AVENTISAI,AVENTISAI,USDT
STAR,STAR,USDT
UMA,UMA,USDT
MONKY,MONKY,USDT
TRKX,TRKX,USDT
PORT3,PORT3,USDT
CENNZ,CENNZ,USDT
BLASTUP,BLASTUP,USDT
REI,REI,USDT
QTUM,QTUM,USDT
DD,DD,USDT
SERAPH,SERAPH,USDC
XELS,XELS,USDT
MEMEFI,MEMEFI,USDT
BABYBNB,BABYBNB,USDT
BERAFI,BERAFI,USDT
RED,RED,USDC
BIGTIME,BIGTIME,USDT
AITECH,AITECH,USDT
QAI,QAI,USDT
1INCH,1INCH,USDT
LL,LL,USDT
MXNA,MXNA,USDT
WAVES,WAVES,USDT
DYM,DYM,USDT
ADA,ADA,USDC
AIMONICA,AIMONICA,USDT
OMZ,OMZ,USDT
BCT,BCT,USDT
SHX,SHX,USDT
TERRA,TERRA,USDT
MEI,MEI,USDT
DOGELON,DOGELON,USDT
AUR,AUR,USDT
ANYONE,ANYONE,USDT
ALCH,ALCH,USDT
SOON,SOON,USDT
LEVER,LEVER,USDT
AGRO,AGRO,USDT
GOATS,GOATS,USDT
NAO,NAO,USDT
SHRUB,SHRUB,USDT
MEDX,MEDX,USDT
GAIA,GAIA,USDT
MLC,MLC,USDT
SHONG,SHONG,USDT
ATH,ATH,USDT
JTF,JTF,USDT
XR,XR,USDT
LEOX,LEOX,USDT
FWOG,FWOG,USDT
MFT,MFT,USDT
XCHNG,XCHNG,USDT
CBY,CBY,USDT
DOGE,DOGE,USDC
RG,RG,USDT
TRT,TRT,USDT
CAIR,CAIR,USDT
STEEM,STEEM,USDT
JET,JET,USDT
NLS,NLS,USDT
XVG,XVG,USDT
ALT,ALT,USDT
APED,APED,USDT
LOL,LOL,USDT
ZBCN,ZBCN,USDT
REZ,REZ,USDT
LCG,LCG,USDT
ZEX,ZEX,USDT
GEC,GEC,USDT
USDC,USDC,USDT
5IRE,5IRE,USDT
KRIPTO,KRIPTO,USDT
ANALOS,ANALOS,USDT
ARTFI,ARTFI,USDT
BITFOLIO,BITFOLIO,USDT
VARCH,VARCH,USDT
CHAX,CHAX,USDT
CTD,CTD,USDT
WAV,WAV,USDT
GEAR,GEAR,USDT
JUNO,JUNO,USDT
DUEL,DUEL,USDT
ICPX,ICPX,USDT
FYDE,FYDE,USDT
APEPE,APEPE,USDT
C4E,C4E,USDT
LEARN,LEARN,USDT
CREO,CREO,USDT
OBT,OBT,USDT
KILO,KILO,USDC
SMX,SMX,USDT
OX,OX,USDT
THREE,THREE,USDT
LOBO,LOBO,USDT
PROM,PROM,USDT
NCTR,NCTR,USDT
WEPE,WEPE,USDT
SERAPH,SERAPH,USDT
DKS,DKS,USDT
DOG,DOG,USDT
NUM,NUM,USDT
PLN,PLN,USDT
SUNWUKONG,SUNWUKONG,USDT
SONIC,SONIC,USDT
NEWM,NEWM,USDT
MOZ,MOZ,USDT
PNUT,PNUT,USDT
FLAI,FLAI,USDT
OMNIA,OMNIA,USDT
REKTCOIN,REKTCOIN,USDT
DAO,DAO,USDT
SETAI,SETAI,USDT
RBNT,RBNT,USDC
RLY,RLY,USDT
1EX,1EX,USDT
FIDA,FIDA,USDT
LIKE,LIKE,USDT
STO,STO,USDT
XCH,XCH,USDT
ROUTE,ROUTE,USDT
XNA,XNA,USDT
SDN,SDN,USDT
MONIE,MONIE,USDT
VIC,VIC,USDT
FP,FP,USDT
VSC,VSC,USDT
XAUT,XAUT,USDT
EXS,EXS,USDT
SPOL,SPOL,USDT
QNT,QNT,USDT
COW,COW,USDT
CITY,CITY,USDT
FPEPE,FPEPE,USDT
UFT,UFT,USDT
EYWA,EYWA,USDT
AFC,AFC,USDT
KPC,KPC,USDT
HMND,HMND,USDT
LINGO,LINGO,USDC
NEOS,NEOS,USDT
ATS,ATS,USDT
DAG,DAG,USDT
MIR,MIR,USDT
TST,TST,USDT
BROCCOLI,BROCCOLI,USDT
NMT,NMT,USDT
GAMESTOP,GAMESTOP,USDT
OBICOIN,OBICOIN,USDT
RED,RED,USDT
MEV,MEV,USDT
SON,SON,USDT
BCCOIN,BCCOIN,USDT
SD,SD,USDT
UNIT0,UNIT0,USDT
JSET,JSET,USDT
KAMA,KAMA,USDT
MOCHI,MOCHI,USDT
PENDLE,PENDLE,USDT
BITCI,BITCI,USDT
LIF3,LIF3,USDT
AJUN,AJUN,USDT
LBM,LBM,USDT
MAN,MAN,USDT
DOSE,DOSE,USDT
CEL,CEL,USDT
LQTY,LQTY,USDT
SAUBER,SAUBER,USDT
PARTI,PARTI,USDC
FARM,FARM,USDT
SKICAT,SKICAT,USDT
SPKY,SPKY,USDT
AIN,AIN,USDT
ZANO,ZANO,USDT
SNFT,SNFT,USDT
CRETA,CRETA,USDT
HARAMBEAI,HARAMBEAI,USDT
AVERY,AVERY,USDT
GASP,GASP,USDT
ICENETWORK,ICENETWORK,USDT
K,K,USDC
FHE,FHE,USDC
ICT,ICT,USDT
FLUID,FLUID,USDT
GTC,GTC,USDT
MBL,MBL,USDT
KLIMA,KLIMA,USDT
PAWS,PAWS,USDC
SMARTAI,SMARTAI,USDT
PROPS,PROPS,USDT
NATIX,NATIX,USDT
SCPT,SCPT,USDT
PONCH,PONCH,USDT
WCT,WCT,USDT
OGY,OGY,USDT
METAV,METAV,USDT
GLUTEU,GLUTEU,USDT
BLEND,BLEND,USDT
EML,EML,USDT
NFTC,NFTC,USDT
PELF,PELF,USDT
DIONE,DIONE,USDT
PEAR,PEAR,USDT
WIF,WIF,USDT
PMT,PMT,USDT
DADDY,DADDY,USDT
HLO,HLO,USDT
TENET,TENET,USDT
BOBA,BOBA,USDT
AEROBUD,AEROBUD,USDT
MCB,MCB,USDT
SUPRA,SUPRA,USDT
FAKEAI,FAKEAI,USDT
WOLF,WOLF,USDT
XRD,XRD,USDT
SVN,SVN,USDT
SFP,SFP,USDT
FUEL,FUEL,USDT
SATO,SATO,USDT
VOI,VOI,USDT
RYO,RYO,USDT
WAT,WAT,USDT
MNRY,MNRY,USDT
HASHAI,HASHAI,USDT
SHIBASHOOT,SHIBASHOOT,USDT
RIO,RIO,USDC
NIGHT,NIGHT,USDT
ELONSOL,ELONSOL,USDT
NIGELLA,NIGELLA,USDT
LOOKS,LOOKS,USDT
F,F,USDT
MAJOR,MAJOR,USDT
VES,VES,USDT
SUIAI,SUIAI,USDT
BABYA,BABYA,USDT
LOCK,LOCK,USDT
LLD,LLD,USDT
FTT,FTT,USDC
SC,SC,USDT
AIGO,AIGO,USDT
COMAI,COMAI,USDT
VINU,VINU,USDT
SUKU,SUKU,USDT
THG,THG,USDT
STARS,STARS,USDT
IXT,IXT,USDT
SAI,SAI,USDT
ZBU,ZBU,USDT
MANTA,MANTA,USDT
ZLW,ZLW,USDT
VOW,VOW,USDT
BOOE,BOOE,USDT
FOX,FOX,USDT
CP,CP,USDT
YOLO,YOLO,USDT
NIL,NIL,USDC
NEROX,NEROX,USDT
SIDUS,SIDUS,USDT
OMNICAT,OMNICAT,USDT
CHAT,CHAT,USDT
RUNECOIN,RUNECOIN,USDT
TIN,TIN,USDT
ROSE,ROSE,USDT
BURGER,BURGER,USDT
SFIN,SFIN,USDT
WSDM,WSDM,USDT
DIAM,DIAM,USDT
JOE,JOE,USDT
MEMHASH,MEMHASH,USDT
SUNDOG,SUNDOG,USDT
NVIR,NVIR,USDT
CLUB,CLUB,USDT
TAIKO,TAIKO,USDT
VOID,VOID,USDT
BLUE1,BLUE1,USDT
MOONED,MOONED,USDT
STFX,STFX,USDT
BKN,BKN,USDT
OOBIT,OOBIT,USDT
LUNC,LUNC,USDC
MAD,MAD,USDT
OSAK,OSAK,USDT
AIDOGEXLM,AIDOGEXLM,USDT
RECORD,RECORD,USDT
RIBBIT,RIBBIT,USDT
CRTS,CRTS,USDT
PAI,PAI,USDT
RSS3,RSS3,USDT
OXOA,OXOA,USDT
BGB,BGB,USDT
ABBC,ABBC,USDT
INSN,INSN,USDT
GINOA,GINOA,USDT
OGN,OGN,USDT
WSM,WSM,USDT
RBTC1,RBTC1,USDT
LINGO,LINGO,USDT
EKTA,EKTA,USDT
CHIRP,CHIRP,USDT
5SCAPE,5SCAPE,USDT
RIB,RIB,USDT
ZIG,ZIG,USDT
HMT,HMT,USDT
GUN,GUN,USDT
VTHO,VTHO,USDT
VC,VC,USDT
CA,CA,USDT
STRAWBERRYAI,STRAWBERRYAI,USDT
HYCO,HYCO,USDT
LF,LF,USDT
DNX,DNX,USDT
SDM,SDM,USDT
SUNCAT,SUNCAT,USDT
ATT,ATT,USDT
RGOAT,RGOAT,USDT
JST,JST,USDT
LBR,LBR,USDT
FMC,FMC,USDT
HARRYBOLZ,HARRYBOLZ,USDT
AIL,AIL,USDT
OBI,OBI,USDT
VOLT,VOLT,USDT
AGC,AGC,USDT
VANRY,VANRY,USDT
SHIBA,SHIBA,USDT
GPTPLUS,GPTPLUS,USDT
QKC,QKC,USDT
OVR,OVR,USDT
SOLVEX,SOLVEX,USDT
LYX,LYX,USDT
MEMDEX,MEMDEX,USDT
FULLSEND,FULLSEND,USDT
NEXD,NEXD,USDT
LBTC,LBTC,USDT
MAX,MAX,USDT
RAY,RAY,USDC
GME,GME,USDT
TKX,TKX,USDT
PLT,PLT,USDT
GRAM,GRAM,USDT
PELL,PELL,USDC
ELF,ELF,USDT
DEDA,DEDA,USDT
LUMIA,LUMIA,USDT
MINAR,MINAR,USDT
APX,APX,USDT
UNLEASH,UNLEASH,USDT
BVG,BVG,USDT
XTER,XTER,USDT
MEMESAI,MEMESAI,USDT
DIGI,DIGI,USDT
LDO,LDO,USDT
DINGO,DINGO,USDT
ZERO,ZERO,USDT
HYDRA,HYDRA,USDT
NAKA,NAKA,USDT
WOO,WOO,USDT
TTCOIN,TTCOIN,USDT
FLOKI,FLOKI,USDT
STAGE,STAGE,USDT
FARTBOY,FARTBOY,USDT
AI16Z,AI16Z,USDC
MX,MX,USDT
ANVL,ANVL,USDT
RONALD,RONALD,USDT
MPAA,MPAA,USDT
NRN,NRN,USDT
HAPPY,HAPPY,USDT
DRIFT,DRIFT,USDT
LMT,LMT,USDT
AZC,AZC,USDT
BANANA,BANANA,USDT
SOLAR,SOLAR,USDT
ARS,ARS,USDT
TERM,TERM,USDT
CFX,CFX,USDT
STC,STC,USDT
NOMOX,NOMOX,USDT
BUBB,BUBB,USDT
LCAT,LCAT,USDT
SR30,SR30,USDT
BTT,BTT,USDT
SCA,SCA,USDT
UNISUI,UNISUI,USDT
AP3X,AP3X,USDT
JETTON,JETTON,USDT
MBX,MBX,USDT
XYRO,XYRO,USDT
RNVI,RNVI,USDT
CELO,CELO,USDT
TCT,TCT,USDT
UPO,UPO,USDT
PARTI,PARTI,USDT
AIET,AIET,USDT
BRETTETH,BRETTETH,USDT
SUN,SUN,USDT
STBOT,STBOT,USDT
AXM,AXM,USDT
PIKA,PIKA,USDT
TET,TET,USDT
ZKL,ZKL,USDT
XERS,XERS,USDT
XDC,XDC,USDT
RJV,RJV,USDT
RILLA,RILLA,USDT
HSX,HSX,USDT
BOO,BOO,USDT
HYPE,HYPE,USDT
IP,IP,USDT
BUZZ,BUZZ,USDT
BELLS,BELLS,USDT
SOVRN,SOVRN,USDT
BENDOG,BENDOG,USDT
APP,APP,USDT
KAP,KAP,USDT
RAI,RAI,USDC
BNB,BNB,USDC
AIPO,AIPO,USDT
SAFE,SAFE,USDT
PLUME,PLUME,USDT
DASH,DASH,USDT
KOIN,KOIN,USDT
OZO,OZO,USDT
BABYELON,BABYELON,USDT
DEAI,DEAI,USDT
SERO,SERO,USDT
KIMA,KIMA,USDT
GEMS,GEMS,USDT
TPY,TPY,USDT
INCN,INCN,USDT
VISION,VISION,USDT
ORT,ORT,USDT
ULTIMA,ULTIMA,USDT
OMNI,OMNI,USDT
METAL,METAL,USDT
RARI,RARI,USDT
PYTH,PYTH,USDT
AO,AO,USDT
NOS,NOS,USDT
DOGEN,DOGEN,USDT
BAN,BAN,USDT
BABYNEIROBNB,BABYNEIROBNB,USDT
PALMAI,PALMAI,USDT
2MOON,2MOON,USDT
HBAR,HBAR,USDT
LOOM,LOOM,USDT
S,S,USDC
UNM,UNM,USDT
ORDS,ORDS,USDT
APN,APN,USDT
GALAXIS,GALAXIS,USDT
SNPT,SNPT,USDT
PIPPIN,PIPPIN,USDT
SIREN,SIREN,USDT
AIAKITA,AIAKITA,USDT
PPC,PPC,USDT
HOTKEY,HOTKEY,USDT
KHAI,KHAI,USDT
CHILLGUY,CHILLGUY,USDT
FUD,FUD,USDT
LEFEEF,LEFEEF,USDT
AIX9,AIX9,USDT
ZKID,ZKID,USDT
TATSU,TATSU,USDT
TLOS,TLOS,USDT
RITE,RITE,USDT
PIXFI,PIXFI,USDT
SIX,SIX,USDT
AINTI,AINTI,USDT
OPN1,OPN1,USDT
WALLET,WALLET,USDT
GHIBLI,GHIBLI,USDT
VISTA,VISTA,USDT
RBC,RBC,USDT
NTMPI,NTMPI,USDT
GULL,GULL,USDT
RENTA,RENTA,USDT
HYPC,HYPC,USDT
MUBI,MUBI,USDT
XMR,XMR,USDT
L3,L3,USDT
BAL,BAL,USDT
MAPO,MAPO,USDT
RAY,RAY,USDT
EGP,EGP,USDT
JOULE,JOULE,USDT
GREENBTC,GREENBTC,USDT
IMGN,IMGN,USDT
SKR,SKR,USDT
ASS,ASS,USDT
SAFEMOONSOL,SAFEMOONSOL,USDT
MUC,MUC,USDT
QI,QI,USDT
MOEW,MOEW,USDT
ELON4AFD,ELON4AFD,USDT
PLENA,PLENA,USDT
VRTX,VRTX,USDT
EIGEN,EIGEN,USDT
CBX,CBX,USDT
POGAI,POGAI,USDT
PELL,PELL,USDT
NPC,NPC,USDC
TRUMP404,TRUMP404,USDT
VPT,VPT,USDT
ARCH,ARCH,USDT
OSMI,OSMI,USDT
CROWN2,CROWN2,USDT
RVF,RVF,USDT
PXP,PXP,USDT
PANDO,PANDO,USDT
SWAP,SWAP,USDT
WCT,WCT,USDC
WBTC,WBTC,USDC
SATS,SATS,USDT
PORTUMA,PORTUMA,USDT
ISLAND,ISLAND,USDT
SCOTTYAI,SCOTTYAI,USDT
FEAR,FEAR,USDT
NAVX,NAVX,USDT
JFOX,JFOX,USDT
PAWS,PAWS,USDT
SERA,SERA,USDT
TETSUO,TETSUO,USDT
RLC,RLC,USDT
BIAOSOL,BIAOSOL,USDT
UQC,UQC,USDT
ABOND,ABOND,USDT
BDX,BDX,USDT
PEPE,PEPE,USDT
GSYS,GSYS,USDT
FSN,FSN,USDT
CHILLAX,CHILLAX,USDT
SEILOR,SEILOR,USDT
HONOR,HONOR,USDT
ARKT,ARKT,USDT
OBT,OBT,USDC
KRU,KRU,USDT
GPS,GPS,USDT
XETA,XETA,USDT
IO,IO,USDT
FLUX,FLUX,USDT
CRV,CRV,USDT
BICO,BICO,USDT
UNO,UNO,USDT
ACS,ACS,USDT
AP,AP,USDT
W3GG,W3GG,USDT
VEE,VEE,USDT
MOG,MOG,USDT
NUTS,NUTS,USDT
MOBX,MOBX,USDT
FLOCK,FLOCK,USDC
SUPR,SUPR,USDT
SKOP,SKOP,USDT
TIA,TIA,USDC
TANPIN,TANPIN,USDT
ABC,ABC,USDT
RKFI,RKFI,USDT
PHIL,PHIL,USDT
RODAI,RODAI,USDT
FORT,FORT,USDT
EGO,EGO,USDT
SEDA,SEDA,USDT
PAAL,PAAL,USDT
TRIAS,TRIAS,USDT
ZELIX,ZELIX,USDT
LGCT,LGCT,USDT
SMOG,SMOG,USDT
SCRT,SCRT,USDT
VICS,VICS,USDT
EOS,EOS,USDC
DC,DC,USDT
PENG,PENG,USDT
XX,XX,USDT
MEGAHERO,MEGAHERO,USDT
APE,APE,USDT
AUC,AUC,USDT
FINBLOX,FINBLOX,USDT
QTLX,QTLX,USDT
LIFE,LIFE,USDT
MARS1,MARS1,USDT
DOGECOIN,DOGECOIN,USDT
DEXTF,DEXTF,USDT
VADER,VADER,USDT
JERRY,JERRY,USDT
SAKAI,SAKAI,USDT
GROOVE,GROOVE,USDT
PAIN,PAIN,USDT
GMM,GMM,USDT
LVVA,LVVA,USDT
NYM,NYM,USDT
GRAIL,GRAIL,USDT
SAINT,SAINT,USDT
CEEK,CEEK,USDT
ARV,ARV,USDT
ZK,ZK,USDT
ZCD,ZCD,USDT
STRIKE,STRIKE,USDT
ADA,ADA,USDT
ORBI,ORBI,USDT
STPT,STPT,USDT
TORSY,TORSY,USDT
3KM,3KM,USDT
CANTO,CANTO,USDT
PEPE,PEPE,USDC
B3,B3,USDT
ACX,ACX,USDT
RUNI,RUNI,USDT
ACTIVE,ACTIVE,USDT
QORPO,QORPO,USDT
HIVE,HIVE,USDT
SWARMS,SWARMS,USDT
NEIROCTO,NEIROCTO,USDT
STX,STX,USDT
ALE,ALE,USDT
JAN,JAN,USDT
Y8U,Y8U,USDT
SMILE,SMILE,USDT
MVL,MVL,USDT
STAR10,STAR10,USDT
MINX,MINX,USDT
IVFUN,IVFUN,USDT
VMINT,VMINT,USDT
ACM,ACM,USDT
WEXO,WEXO,USDT
ARCA,ARCA,USDT
SSWP,SSWP,USDT
EUL,EUL,USDT
FNCT,FNCT,USDT
CLAI,CLAI,USDT
MOVE,MOVE,USDT
DOGS,DOGS,USDT
AERO,AERO,USDT
EOS,EOS,USDT
CONX,CONX,USDT
POL,POL,USDT
GTAVI,GTAVI,USDT
DECHAT,DECHAT,USDT
FUTURE,FUTURE,USDT
MLG,MLG,USDT
WHITE,WHITE,USDT
DEXE,DEXE,USDT
W3F,W3F,USDT
P3D,P3D,USDT
AIC,AIC,USDT
TONNY,TONNY,USDT
ALON,ALON,USDT
AL,AL,USDT
METIS,METIS,USDT
LINK,LINK,USDT
XSPECTAR,XSPECTAR,USDT
KINE,KINE,USDT
MEW,MEW,USDT
CULTDAO,CULTDAO,USDT
AIH,AIH,USDT
AVTM,AVTM,USDT
BIT1,BIT1,USDT
PEP,PEP,USDT
BAX,BAX,USDT
KASTA,KASTA,USDT
SCR,SCR,USDT
FOUR,FOUR,USDT
UTK,UTK,USDT
GMRT,GMRT,USDT
Z,Z,USDT
NPC,NPC,USDT
ADS,ADS,USDT
XPM,XPM,USDT
ZRC,ZRC,USDT
SUPERAI,SUPERAI,USDT
GSTOP,GSTOP,USDT
ECOTERRA,ECOTERRA,USDT
LEO,LEO,USDT
MARSH,MARSH,USDT
AIBB,AIBB,USDT
ISLM,ISLM,USDT
PENDULUM,PENDULUM,USDT
DEOD,DEOD,USDT
NCN,NCN,USDT
TOSHI,TOSHI,USDT
ETF500,ETF500,USDT
XIN,XIN,USDT
PIN,PIN,USDT
SWEAT,SWEAT,USDT
POLYDOGE,POLYDOGE,USDT
AIW,AIW,USDT
RTF,RTF,USDT
PUMP,PUMP,USDT
NAI,NAI,USDT
SHIB,SHIB,USDC
COLLE,COLLE,USDT
ICP,ICP,USDC
AVAIL,AVAIL,USDT
MIN,MIN,USDT
TRUMP,TRUMP,USDT
KOY,KOY,USDT
UBXS,UBXS,USDT
IOTX,IOTX,USDT
FORWARD,FORWARD,USDT
FOMO,FOMO,USDT
PUMPAI,PUMPAI,USDT
TRADE,TRADE,USDT
TUBES,TUBES,USDT
CORN,CORN,USDC
ALI,ALI,USDT
TOKEN,TOKEN,USDT
WHY,WHY,USDT
HFT,HFT,USDT
FLAY,FLAY,USDT
DCR,DCR,USDT
GZONE,GZONE,USDT
CHEF,CHEF,USDT
OGGYETH,OGGYETH,USDT
AOS,AOS,USDT
CYBER,CYBER,USDT
STEPN,STEPN,USDT
ALVA,ALVA,USDT
NEXM,NEXM,USDT
ORDER,ORDER,USDT
UPC,UPC,USDT
SNRN,SNRN,USDT
AITPROTOCOL,AITPROTOCOL,USDT
SECU,SECU,USDT
HENAI,HENAI,USDT
WINR,WINR,USDT
GQ,GQ,USDT
SPEED,SPEED,USDT
SOLAMA,SOLAMA,USDT
MINA,MINA,USDT
UWON,UWON,USDT
CYBONK,CYBONK,USDT
DERP,DERP,USDT
OCTA,OCTA,USDT
STORM,STORM,USDT
BXC,BXC,USDT
RBAX,RBAX,USDT
WINX,WINX,USDT
JLP,JLP,USDT
DGC,DGC,USDT
SYN,SYN,USDT
RMV,RMV,USDT
POLC,POLC,USDT
MUMU,MUMU,USDT
MASS,MASS,USDT
ULX,ULX,USDT
ALEX,ALEX,USDT
IZI,IZI,USDT
CRTAI,CRTAI,USDT
BONGO,BONGO,USDT
WORK,WORK,USDT
MON,MON,USDT
AKA,AKA,USDT
TICO,TICO,USDT
SCIHUB,SCIHUB,USDT
TEL,TEL,USDT
N3,N3,USDT
TCGC,TCGC,USDT
L1,L1,USDT
GNON,GNON,USDT
FAKT,FAKT,USDT
WAVES,WAVES,USDC
CARV,CARV,USDT
GTAI,GTAI,USDT
HXD,HXD,USDT
CLIPS,CLIPS,USDT
RPK,RPK,USDT
GFM,GFM,USDT
TOMA,TOMA,USDT
GPUS,GPUS,USDT
ZENT,ZENT,USDT
IVPAY,IVPAY,USDT
USTC,USTC,USDT
BASEDAI,BASEDAI,USDT
ORFY,ORFY,USDT
TKO,TKO,USDT
BSW,BSW,USDT
WALK,WALK,USDT
QBX,QBX,USDT
AIMX,AIMX,USDT
ZYN,ZYN,USDT
PIG,PIG,USDT
SGT,SGT,USDT
PNUT,PNUT,USDC
INV,INV,USDT
FLIX,FLIX,USDT
UCO,UCO,USDT
J,J,USDT
KENDU,KENDU,USDT
FUCOIN,FUCOIN,USDT
HBAR,HBAR,USDC
TLC,TLC,USDT
INTR,INTR,USDT
ICP,ICP,USDT
SIMPSON,SIMPSON,USDT
ETH,ETH,USDC
GLQ,GLQ,USDT
FTN,FTN,USDT
EDX,EDX,USDT
EWT,EWT,USDT
NZC,NZC,USDT
SQD,SQD,USDT
PORTAL,PORTAL,USDT
SVJ,SVJ,USDT
SMILEY,SMILEY,USDT
SDR,SDR,USDT
NCT,NCT,USDT
SRM,SRM,USDT
BUTTHOLE,BUTTHOLE,USDC
ALM,ALM,USDT
WNK,WNK,USDT
WEN,WEN,USDT
CHEQ,CHEQ,USDT
FIRO,FIRO,USDT
SCOTTY,SCOTTY,USDT
PI,PI,USDT
GOTG,GOTG,USDT
CDX,CDX,USDT
4EVER,4EVER,USDT
YGG,YGG,USDT
ZIL,ZIL,USDT
SHIDO,SHIDO,USDT
OFN,OFN,USDT
DRAGON404,DRAGON404,USDT
MAVIA,MAVIA,USDT
YULI,YULI,USDT
MRST,MRST,USDT
AGLD,AGLD,USDT
FAI,FAI,USDT
CHANGE,CHANGE,USDT
UNP,UNP,USDT
SAVM,SAVM,USDT
YZYSOL,YZYSOL,USDT
AVAX,AVAX,USDC
MNEMO,MNEMO,USDT
APEX,APEX,USDT
GENOME,GENOME,USDT
PANDA,PANDA,USDT
SWINGBY,SWINGBY,USDT
DRN,DRN,USDT
PMX,PMX,USDT
SMART,SMART,USDT
ALU,ALU,USDT
GENO,GENO,USDT
MODE,MODE,USDT
VVV,VVV,USDT
SMARS,SMARS,USDT
PRX,PRX,USDT
VELODROME,VELODROME,USDT
GRAND,GRAND,USDT
KMNO,KMNO,USDT
MA,MA,USDT
PPT,PPT,USDT
FNCY,FNCY,USDT
D,D,USDT
BCH,BCH,USDT
YFI,YFI,USDT
FLOCK,FLOCK,USDT
SENSO,SENSO,USDT
FEG,FEG,USDT
WNXM,WNXM,USDT
SOV,SOV,USDT
KERMIT,KERMIT,USDT
DORA,DORA,USDT
TREAT,TREAT,USDT
SYRUP,SYRUP,USDT
EDOG,EDOG,USDT
MNTL,MNTL,USDT
NIZA,NIZA,USDT
SOVM,SOVM,USDT
GINUX,GINUX,USDT
JEMI,JEMI,USDT
PEOPLE,PEOPLE,USDT
AAVE,AAVE,USDC
A1X,A1X,USDT
BIOFI,BIOFI,USDT
SPS,SPS,USDT
POR,POR,USDT
VPR,VPR,USDT
SGB,SGB,USDT
SCOT,SCOT,USDT
BEAMX,BEAMX,USDT
XRPAYNET,XRPAYNET,USDT
STAT,STAT,USDT
VGX,VGX,USDT
KOII,KOII,USDT
DOT,DOT,USDT
XYM,XYM,USDT
SOSO,SOSO,USDT
TESLAI,TESLAI,USDT
PIVX,PIVX,USDT
SMURFCAT,SMURFCAT,USDT
CROWN,CROWN,USDT
NMD,NMD,USDT
ABEY,ABEY,USDT
ENA,ENA,USDT
TUT,TUT,USDT
GANG,GANG,USDT
BRLN,BRLN,USDT
UMB,UMB,USDT
APT,APT,USDC
HBD,HBD,USDT
SLN,SLN,USDT
KSM,KSM,USDT
OXYZ,OXYZ,USDT
PTH,PTH,USDT
MCDULL,MCDULL,USDT
MASK,MASK,USDT
LAK3,LAK3,USDT
IMT,IMT,USDT
CTF,CTF,USDT
DRA,DRA,USDT
BCH,BCH,USDC
PEPE1,PEPE1,USDT
RARE,RARE,USDT
TAOCAT,TAOCAT,USDT
HINT,HINT,USDT
SWFTC,SWFTC,USDT
KOM,KOM,USDT
ACH,ACH,USDT
LIFEM,LIFEM,USDT
MINT,MINT,USDT
XAR,XAR,USDT
XB,XB,USDT
SMOLE,SMOLE,USDT
ANT,ANT,USDT
CCD,CCD,USDT
NOW,NOW,USDT
QUBIC,QUBIC,USDT
APT,APT,USDT
GHUB,GHUB,USDT
HOOD,HOOD,USDT
DODO,DODO,USDT
PORK,PORK,USDT
QUBIC,QUBIC,USDC
PLYR,PLYR,USDT
LAVA,LAVA,USDT
TFUEL,TFUEL,USDT
FORTH,FORTH,USDT
CORE,CORE,USDT
LUCE,LUCE,USDT
ELY,ELY,USDT
CETUS,CETUS,USDT
ELX,ELX,USDT
ORNJ,ORNJ,USDT
HELLO,HELLO,USDT
X,X,USDT
SUIRWA,SUIRWA,USDT
MNT,MNT,USDT
FYN,FYN,USDT
2024PUMP,2024PUMP,USDT
HABIBI,HABIBI,USDT
OLE,OLE,USDT
CWEB,CWEB,USDT
SNAI,SNAI,USDT
CGX,CGX,USDT
EVR,EVR,USDT
PNG,PNG,USDT
HDRO,HDRO,USDT
PAYU,PAYU,USDT
BABYSHARK,BABYSHARK,USDT
NFE,NFE,USDT
BENJI,BENJI,USDT
IMGNAI,IMGNAI,USDT
JOYSTREAM,JOYSTREAM,USDT
M87,M87,USDT
DCK,DCK,USDT
SOLS,SOLS,USDT
ASSAI,ASSAI,USDT
XEL,XEL,USDT
TCAPY,TCAPY,USDT
BRN,BRN,USDT
LETIT,LETIT,USDT
TRUMPIUS,TRUMPIUS,USDT
TWIF,TWIF,USDT
BABY,BABY,USDT
AME,AME,USDT
NLINK,NLINK,USDT
XTZ,XTZ,USDT
XP,XP,USDT
BABYNEIRO,BABYNEIRO,USDT
MCCHEESE,MCCHEESE,USDT
DYDX,DYDX,USDT
SUIP,SUIP,USDT
ZIGAP,ZIGAP,USDT
BLAST,BLAST,USDT
GRPH,GRPH,USDT
FIS,FIS,USDT
BABY,BABY,USDC
MMD,MMD,USDT
BEER,BEER,USDT
EDU,EDU,USDT
BLUR,BLUR,USDT
BEL,BEL,USDT
CATBOY,CATBOY,USDT
GODS,GODS,USDT
EMYC,EMYC,USDT
FISHW,FISHW,USDT
ONE,ONE,USDT
CBL,CBL,USDT
XSWAP,XSWAP,USDT
AZUR,AZUR,USDT
NIBI,NIBI,USDT
PHB,PHB,USDT
KOAI,KOAI,USDT
WBC,WBC,USDT
MUSKIT,MUSKIT,USDT
CHMPZ,CHMPZ,USDT
TOP,TOP,USDT
G3,G3,USDT
NEON,NEON,USDT
LAIKA,LAIKA,USDT
VELA,VELA,USDT
HOT,HOT,USDT
AICORE,AICORE,USDT
CPH,CPH,USDT
SAROS,SAROS,USDT
DSYNC,DSYNC,USDC
MAXITY,MAXITY,USDT
BTC2,BTC2,USDT
BSSB,BSSB,USDT
ISK,ISK,USDT
THE,THE,USDT
SPFC,SPFC,USDT
CREAM,CREAM,USDT
PEIPEI,PEIPEI,USDT
BNBAI,BNBAI,USDT
GHST,GHST,USDT
CSTARS,CSTARS,USDT
LOFI,LOFI,USDT
DROP,DROP,USDT
MG8,MG8,USDT
REDO,REDO,USDT
DFC,DFC,USDT
SPARKLET,SPARKLET,USDT
PBUX,PBUX,USDT
BEANS,BEANS,USDT
ROOT,ROOT,USDT
KAITO,KAITO,USDT
GUI,GUI,USDT
COVN,COVN,USDT
CSPR,CSPR,USDT
CSWAP,CSWAP,USDT
AGRI,AGRI,USDT
CULT,CULT,USDT
RPG,RPG,USDT
SEN,SEN,USDC
BOTIFY,BOTIFY,USDT
UNFI,UNFI,USDT
SECOND,SECOND,USDT
WCO,WCO,USDT
SCCP,SCCP,USDT
RNT,RNT,USDT
XCV,XCV,USDT
LAT,LAT,USDT
STETH,STETH,USDT
BHO,BHO,USDT
ORBT,ORBT,USDT
AIXBT,AIXBT,USDT
FAN,FAN,USDT
ARG,ARG,USDT
LSD,LSD,USDT
RETIK,RETIK,USDT
XLS,XLS,USDT
XVS,XVS,USDT
INSUR,INSUR,USDT
PIKABOSS,PIKABOSS,USDT
ELONDOGE,ELONDOGE,USDT
PHA,PHA,USDT
SMR,SMR,USDT
TRIBE,TRIBE,USDT
FREEDOM,FREEDOM,USDT
QUICK,QUICK,USDT
TGRASS,TGRASS,USDT
BUTTHOLE,BUTTHOLE,USDT
MSM,MSM,USDT
AVA,AVA,USDT
MLXC,MLXC,USDT
VIVI,VIVI,USDT
TWT,TWT,USDT
SFI,SFI,USDT
U,U,USDT
CYBRO,CYBRO,USDT
VIA,VIA,USDT
FURY,FURY,USDT
GOCHU,GOCHU,USDT
RIXEN,RIXEN,USDT
GLMR,GLMR,USDT
KOMA,KOMA,USDT
DINERO,DINERO,USDT
EGAX,EGAX,USDT
CATANA,CATANA,USDT
DICE,DICE,USDT
BNB,BNB,USDT
ZRO,ZRO,USDT
RIF,RIF,USDT
OIK,OIK,USDT
DOAI,DOAI,USDT
CATE,CATE,USDT
DOLAN,DOLAN,USDT
K,K,USDT
CHC,CHC,USDT
ULTI,ULTI,USDT
MPC,MPC,USDT
AVALOX,AVALOX,USDT
MNSRY,MNSRY,USDT
C98,C98,USDT
BR,BR,USDT
NHT,NHT,USDT
STNK,STNK,USDT
EKU,EKU,USDT
ROCO,ROCO,USDT
WILD,WILD,USDT
T,T,USDT
YFII,YFII,USDT
P888,P888,USDT
SUAI,SUAI,USDT
HSK,HSK,USDT
HKTM,HKTM,USDT
LYNX,LYNX,USDT
DIN,DIN,USDT
BDROP,BDROP,USDT
SPT,SPT,USDT
BZR,BZR,USDT
CWA,CWA,USDT
MPLX,MPLX,USDT
ANKR,ANKR,USDT
CLY,CLY,USDT
SIGMA,SIGMA,USDT
MEME,MEME,USDT
LANDSHARE,LANDSHARE,USDT
GRAMPUS,GRAMPUS,USDT
LBC,LBC,USDT
STORJ,STORJ,USDT
MEMEAI,MEMEAI,USDT
MSQ,MSQ,USDT
FHE,FHE,USDT
LSDCOIN,LSDCOIN,USDT
MMUI,MMUI,USDT
CFN,CFN,USDT
SFUND,SFUND,USDT
3ULL,3ULL,USDT
VARA,VARA,USDT
POPCAT,POPCAT,USDT
EXVG,EXVG,USDT
MSB,MSB,USDT
GORT,GORT,USDT
HUSL,HUSL,USDT
BSX,BSX,USDT
ME,ME,USDT
TAPS,TAPS,USDT
XFI,XFI,USDT
LAOS,LAOS,USDT
OMI,OMI,USDC
TBULL,TBULL,USDT
CLASHUB,CLASHUB,USDT
MCONTENT,MCONTENT,USDT
AUTOS,AUTOS,USDT
MARS4,MARS4,USDT
ANC,ANC,USDT
ZEREBRO,ZEREBRO,USDT
GORA,GORA,USDT
OPUL,OPUL,USDT
POCHITA,POCHITA,USDT
APU,APU,USDT
PGPT,PGPT,USDT
CTK,CTK,USDT
CTP,CTP,USDT
ACT,ACT,USDT
GOHOME,GOHOME,USDT
JELLYJELLY,JELLYJELLY,USDT
WOLFS,WOLFS,USDT
IGU,IGU,USDT
UFD,UFD,USDT
SFL,SFL,USDT
TRUMP2024,TRUMP2024,USDT
AGIXT,AGIXT,USDT
TRISIG,TRISIG,USDT
UNIO,UNIO,USDT
ARMY,ARMY,USDT
MOCA,MOCA,USDT
BULLS,BULLS,USDT
HTX,HTX,USDT
WIZZ,WIZZ,USDT
KFI,KFI,USDT
XAI,XAI,USDT
KZEN,KZEN,USDT
KISHU,KISHU,USDT
LINA,LINA,USDT
MIRA,MIRA,USDT
MUDOL2,MUDOL2,USDT
SOPH,SOPH,USDT
JSM,JSM,USDT
PERP,PERP,USDT
ENS,ENS,USDC
DOGEX,DOGEX,USDT
LIBS,LIBS,USDT
PASG,PASG,USDT
AI,AI,USDT
CPU,CPU,USDT
PEANUT,PEANUT,USDT
WHITE,WHITE,USDC
VET,VET,USDT
SWING,SWING,USDT
RDEX,RDEX,USDT
OCT,OCT,USDT
COMBO,COMBO,USDT
WECO,WECO,USDT
SOAR,SOAR,USDT
MX,MX,USDC
PYTHON,PYTHON,USDT
PSTAKE,PSTAKE,USDT
WUSD,WUSD,USDT
SLF,SLF,USDT
EGC,EGC,USDT
KUJI,KUJI,USDT
KATS,KATS,USDT
CAM,CAM,USDT
TERMINUS,TERMINUS,USDT
GHX,GHX,USDT
GMMT,GMMT,USDT
SAC,SAC,USDT
LIQUIDIUM,LIQUIDIUM,USDT
USDP,USDP,USDT
PDA1,PDA1,USDT
DNOW,DNOW,USDT
VIRTUAL,VIRTUAL,USDT
MTS,MTS,USDT
HI,HI,USDT
WMTX,WMTX,USDT
AZERO,AZERO,USDT
VEX,VEX,USDT
YAKA,YAKA,USDT
EPILEPTIC,EPILEPTIC,USDT
GALA,GALA,USDT
BALLZ,BALLZ,USDT
CRH,CRH,USDT
IONX,IONX,USDT
DAT,DAT,USDT
STUFF,STUFF,USDT
RACA,RACA,USDT
DREAMS,DREAMS,USDT
CR,CR,USDT
MEFA,MEFA,USDT
FCT2,FCT2,USDT
MNTC,MNTC,USDT
KIN,KIN,USDT
PROPC,PROPC,USDT
SVPN,SVPN,USDT
KEKIUS,KEKIUS,USDT
MGT,MGT,USDT
MOTHER,MOTHER,USDT
ETH,ETH,USDT
CXT,CXT,USDT
AI16Z,AI16Z,USDT
ZEPH,ZEPH,USDT
MIST,MIST,USDT
KAON,KAON,USDT
HOMER,HOMER,USDT
NPT,NPT,USDT
SSV,SSV,USDT
FUN,FUN,USDT
ZERC,ZERC,USDT
MOLI,MOLI,USDT
AGI,AGI,USDT
QUACK,QUACK,USDT
SOUL,SOUL,USDT
WAXL,WAXL,USDT
BLADE,BLADE,USDT
TEMA,TEMA,USDT
OORT,OORT,USDT
HYVE,HYVE,USDT
PEAQ,PEAQ,USDC
ONTP,ONTP,USDT
LUFC,LUFC,USDT
XHP,XHP,USDT
MANASOL,MANASOL,USDT
BENQI,BENQI,USDT
REN,REN,USDT
CAMT,CAMT,USDT
MMOSH,MMOSH,USDT
MERGE,MERGE,USDT
LVLY,LVLY,USDT
AST,AST,USDT
BARSIK,BARSIK,USDT
HEGE,HEGE,USDT
SHROOMY,SHROOMY,USDT
TUP,TUP,USDT
BFT,BFT,USDT
COOK,COOK,USDT
CATHEON,CATHEON,USDT
U2U,U2U,USDT
SOLX,SOLX,USDT
W,W,USDT
TADA,TADA,USDT
RABI,RABI,USDT
TNT,TNT,USDT
DEFAI,DEFAI,USDT
ALTLAYER,ALTLAYER,USDT
XODEX,XODEX,USDT
SMT,SMT,USDT
PSL,PSL,USDT
SOIL,SOIL,USDT
HOLD,HOLD,USDT
STONKS,STONKS,USDT
KAS,KAS,USDT
MCRT,MCRT,USDT
SUICY,SUICY,USDT
ZENQ,ZENQ,USDT
DUSK,DUSK,USDT
DESCI,DESCI,USDT
ONDO,ONDO,USDC
PUFFER,PUFFER,USDT
VITE,VITE,USDT
GECKOAVAX,GECKOAVAX,USDT
PEPECOIN,PEPECOIN,USDT
CROS,CROS,USDT
PATEX,PATEX,USDT
SPORE,SPORE,USDT
MEMES,MEMES,USDT
CTA,CTA,USDT
MICHI,MICHI,USDT
KDG,KDG,USDT
POND,POND,USDT
WSI,WSI,USDT
LUMI,LUMI,USDT
HQ,HQ,USDT
MAGATRUMP,MAGATRUMP,USDT
STITCH,STITCH,USDT
WOJAK,WOJAK,USDT
ETHFI,ETHFI,USDT
METAHERO,METAHERO,USDT
JASMY,JASMY,USDT
NXRA,NXRA,USDT
SOL,SOL,USDC
MEAI,MEAI,USDT
DDMT,DDMT,USDT
BBL,BBL,USDT
AREA,AREA,USDT
IGT,IGT,USDT
SPN,SPN,USDT
AKITA,AKITA,USDT
OMI,OMI,USDT
AE,AE,USDT
STARL,STARL,USDT
BMT,BMT,USDC
REAL,REAL,USDT
SYNT,SYNT,USDT
KILO,KILO,USDT
WSG,WSG,USDT
GINI,GINI,USDT
FOG,FOG,USDT
GPTW,GPTW,USDT
HARD,HARD,USDT
MDI,MDI,USDT
STRDY,STRDY,USDT
ZULU,ZULU,USDT
SEIYAN,SEIYAN,USDT
REL,REL,USDT
OKT,OKT,USDT
NEAR,NEAR,USDC
FRTS,FRTS,USDT
CATGOLD,CATGOLD,USDT
DT,DT,USDT
WAL,WAL,USDT
DEGO,DEGO,USDT
ODOS,ODOS,USDT
PORTO,PORTO,USDT
MENGO,MENGO,USDT
MTRG,MTRG,USDT
WAFFLES,WAFFLES,USDT
POKEMON,POKEMON,USDT
VELAR,VELAR,USDT
BLOCKWORLD,BLOCKWORLD,USDT
SLC,SLC,USDT
JEWEL,JEWEL,USDT
GOLC,GOLC,USDT
SLT,SLT,USDT
PDA,PDA,USDT
BTCMT,BTCMT,USDT
BONK,BONK,USDT
HUND,HUND,USDT
KILT,KILT,USDT
AIBRAIN,AIBRAIN,USDT
FLOW,FLOW,USDT
NUB,NUB,USDT
CWS,CWS,USDT
CLGO,CLGO,USDT
TTT,TTT,USDT
RIZ,RIZ,USDT
HAT,HAT,USDT
LAND,LAND,USDT
MINA,MINA,USDC
BSV,BSV,USDT
WWY,WWY,USDT
AI2,AI2,USDT
ANLOG,ANLOG,USDT
QUAI,QUAI,USDT
GORILLA,GORILLA,USDT
GFI,GFI,USDT
RFRM,RFRM,USDT
PEPECAT,PEPECAT,USDT
AZERO,AZERO,USDC
1DOLLAR,1DOLLAR,USDC
PIT,PIT,USDT
PIXEL,PIXEL,USDT
OP,OP,USDC
WXM,WXM,USDT
XRPH,XRPH,USDT
BLUE,BLUE,USDT
MSN,MSN,USDT
URO,URO,USDT
SUT,SUT,USDT
BLUB,BLUB,USDT
DEGEN,DEGEN,USDT
CPOOL,CPOOL,USDT
RDNT,RDNT,USDT
SERSH,SERSH,USDT
ARK,ARK,USDT
RFC,RFC,USDT
PLMC,PLMC,USDT
XONE,XONE,USDT
BABYDOGE,BABYDOGE,USDT
BUM,BUM,USDT
IAGO,IAGO,USDT
OEX,OEX,USDT
EPAY,EPAY,USDT
NAV,NAV,USDT
OXT,OXT,USDT
WPAY,WPAY,USDT
SPICE,SPICE,USDT
SNS,SNS,USDT
DLC,DLC,USDT
FRBK,FRBK,USDT
NMR,NMR,USDT
HAMBURGLAR,HAMBURGLAR,USDT
ETHF,ETHF,USDT
RFL,RFL,USDT
TRUMPEPE,TRUMPEPE,USDT
ASTRA,ASTRA,USDT
USA,USA,USDT
PRCL,PRCL,USDT
ALGO,ALGO,USDC
PUSH,PUSH,USDT
CDT,CDT,USDT
RPLS,RPLS,USDT
XRPC,XRPC,USDT
CGPT,CGPT,USDT
YBR,YBR,USDT
ARCSOL,ARCSOL,USDT
FAND,FAND,USDT
HGG,HGG,USDT
SLIM,SLIM,USDT
KNINE,KNINE,USDT
SCARCITY,SCARCITY,USDT
VR,VR,USDT
ITHACA,ITHACA,USDT
CLS,CLS,USDT
PRTG,PRTG,USDT
MNFT,MNFT,USDT
NYAN,NYAN,USDT
KRO,KRO,USDT
ASTROS,ASTROS,USDT
SNX,SNX,USDT
COTI,COTI,USDT
MIU,MIU,USDT
ZKF,ZKF,USDT
MOON,MOON,USDT
KAITO,KAITO,USDC
SATOX,SATOX,USDT
SALD,SALD,USDT
NIM,NIM,USDT
JOLT,JOLT,USDT
GX,GX,USDT
UDS,UDS,USDT
BB,BB,USDT
TNSR,TNSR,USDT
EDGE,EDGE,USDT
OMNOM,OMNOM,USDT
TALENT,TALENT,USDT
APFC,APFC,USDT
PLB,PLB,USDT
IT,IT,USDT
GNO,GNO,USDT
BDCA,BDCA,USDT
HOPPY,HOPPY,USDT
SEX,SEX,USDT
BNRY,BNRY,USDT
SKI,SKI,USDT
HARAMBE,HARAMBE,USDT
RBX,RBX,USDT
KARRAT,KARRAT,USDT
QORBI,QORBI,USDT
FORM1,FORM1,USDT
SHIB,SHIB,USDT
EMT,EMT,USDT
SENATE,SENATE,USDT
KENKA,KENKA,USDT
OMAX,OMAX,USDT
TITS,TITS,USDT
XRP,XRP,USDC
LEGEND,LEGEND,USDT
ORAIX,ORAIX,USDT
SOONX,SOONX,USDT
COMP,COMP,USDT
ONG,ONG,USDT
LLM,LLM,USDT
ZETRIX,ZETRIX,USDT
XTM,XTM,USDT
LMWR,LMWR,USDT
STG,STG,USDT
RENDER,RENDER,USDT
COLLAT,COLLAT,USDT
RAINCOIN,RAINCOIN,USDT
SHIFU,SHIFU,USDT
PSPS,PSPS,USDT
HST,HST,USDT
VAIX,VAIX,USDT
FARTCOIN,FARTCOIN,USDC
API3,API3,USDT
QUBE,QUBE,USDT
SPACE,SPACE,USDT
CLOUD,CLOUD,USDT
OKB,OKB,USDT
SHARKCAT,SHARKCAT,USDT
RATS,RATS,USDT
PERRY,PERRY,USDT
SIRIUS,SIRIUS,USDT
INDEX,INDEX,USDT
BIST,BIST,USDT
VENOM,VENOM,USDT
DEB,DEB,USDT
BLS,BLS,USDT
ASM,ASM,USDT
BRL,BRL,USDT
RING,RING,USDT
AAST,AAST,USDT
HNT,HNT,USDT
ELDA,ELDA,USDT
POKT,POKT,USDT
AXS,AXS,USDT
HAPI,HAPI,USDT
ODIN,ODIN,USDT
DCD,DCD,USDT
MAZZE,MAZZE,USDT
SDT,SDT,USDT
KASPY,KASPY,USDT
BLP,BLP,USDT
BLOCKASSET,BLOCKASSET,USDT
PLOTS,PLOTS,USDT
AB,AB,USDT
XEP,XEP,USDT
NIKO,NIKO,USDT
JOC,JOC,USDT
MEX,MEX,USDT
OSHI,OSHI,USDT
MEE,MEE,USDT
MAGA,MAGA,USDT
UNI,UNI,USDC
SPX,SPX,USDT
DSLA,DSLA,USDT
MVX,MVX,USDT
ONDOAI,ONDOAI,USDT
BID,BID,USDT
TYT,TYT,USDT
MASA,MASA,USDT
PONGO,PONGO,USDT
QGOV,QGOV,USDT
BIZA,BIZA,USDT
LOGX,LOGX,USDT
ASV,ASV,USDT
XUSD,XUSD,USDT
MOBILE,MOBILE,USDT
LIME,LIME,USDT
FOXSY,FOXSY,USDT
DEEPSEEK,DEEPSEEK,USDT
ANDYETH,ANDYETH,USDT
TARA,TARA,USDT
GROWAI,GROWAI,USDT
MEY,MEY,USDT
AYIN,AYIN,USDT
STRX,STRX,USDT
MTR,MTR,USDT
GAU,GAU,USDT
MAGAETH,MAGAETH,USDT
FET,FET,USDT
SPEC,SPEC,USDT
PENGU,PENGU,USDT
YNE,YNE,USDT
NEVER,NEVER,USDT
DOGE20,DOGE20,USDT
BTC,BTC,USDC
UFO,UFO,USDT
UNIBOT,UNIBOT,USDT
DAI,DAI,USDT
HAM,HAM,USDT
MOVR,MOVR,USDT
FLX,FLX,USDT
XOXO,XOXO,USDT
CLAY,CLAY,USDT
RFD,RFD,USDT
BADGER,BADGER,USDT
NEUR,NEUR,USDT
WIT,WIT,USDT
SYNC,SYNC,USDT
PROMPT,PROMPT,USDT
AIT,AIT,USDT
RST,RST,USDT
THEPROTOCOL,THEPROTOCOL,USDT
BBF,BBF,USDT
PRO,PRO,USDT
IMX,IMX,USDT
AIVA,AIVA,USDT
GIKO,GIKO,USDT
DTEC,DTEC,USDT
MYRIA,MYRIA,USDT
NST,NST,USDT
HGPT,HGPT,USDT
KCS,KCS,USDT
SHIB2,SHIB2,USDT
AWARE,AWARE,USDT
KAR,KAR,USDT
TRCL,TRCL,USDT
HOOK,HOOK,USDT
GHOAD,GHOAD,USDT
TOKE,TOKE,USDT
SARA,SARA,USDT
TELEMON,TELEMON,USDT
BLUES,BLUES,USDT
NDC,NDC,USDT
ACA,ACA,USDT
ARKM,ARKM,USDT
DYOR,DYOR,USDT
PBX,PBX,USDT
EL,EL,USDT
PEANUTOG,PEANUTOG,USDT
ACE,ACE,USDT
NAVIX,NAVIX,USDT
WAXP,WAXP,USDT
AX,AX,USDT
CEB,CEB,USDT
CRU,CRU,USDT
AGNT,AGNT,USDT
XDB,XDB,USDT
CORN,CORN,USDT
KAF,KAF,USDT
KOKO,KOKO,USDT
BULLY,BULLY,USDT
BXBT,BXBT,USDT
BUCK,BUCK,USDT
LOOP,LOOP,USDT
VEIL,VEIL,USDT
SLAP,SLAP,USDT
TRU,TRU,USDT
PLUG,PLUG,USDT
PIB,PIB,USDT
BTS,BTS,USDT
FIL,FIL,USDT
DMCK,DMCK,USDT
HIGH,HIGH,USDT
ZF,ZF,USDT
SYL,SYL,USDT
MUBARAK,MUBARAK,USDT
GPU,GPU,USDT
CKB,CKB,USDT
UNI,UNI,USDT
COPA,COPA,USDT
KAS,KAS,USDC
MF,MF,USDT
EXD,EXD,USDT
SHIBOO,SHIBOO,USDT
BOME,BOME,USDT
PI,PI,USDC
TRUMP1,TRUMP1,USDT
PERC,PERC,USDT
HDN,HDN,USDT
ROSX,ROSX,USDT
A47,A47,USDT
DECENTRALIZED,DECENTRALIZED,USDT
NMKR,NMKR,USDT
MYRO,MYRO,USDT
DRF,DRF,USDT
MOJO,MOJO,USDT
BTC,BTC,USDT
WAS,WAS,USDT
CLUSTR,CLUSTR,USDT
BEFI,BEFI,USDT
FRED,FRED,USDT
ALLIN,ALLIN,USDT
INTOS,INTOS,USDT
ZEC,ZEC,USDT
ASTRAAI,ASTRAAI,USDT
UBU,UBU,USDT
FACTR,FACTR,USDT
SEND,SEND,USDT
WELF,WELF,USDT
ZEUS,ZEUS,USDT
BFLOKI,BFLOKI,USDT
AUCTION,AUCTION,USDT
CELL,CELL,USDT
TIA,TIA,USDT
USDE,USDE,USDT
INDY,INDY,USDT
TALK,TALK,USDT
WBT,WBT,USDT
PXT,PXT,USDT
DRX,DRX,USDT
STONKSTOKEN,STONKSTOKEN,USDT
MVRS,MVRS,USDT
XAVA,XAVA,USDT
WRKX,WRKX,USDT
TAI,TAI,USDT
WEXO,WEXO,USDC
HOL,HOL,USDT
DUCK,DUCK,USDT
STRD,STRD,USDT
DMAIL,DMAIL,USDT
SAMO,SAMO,USDT
MANC,MANC,USDT
MIDLE,MIDLE,USDT
SWCH,SWCH,USDT
HVLO,HVLO,USDT
WAGMIGAMES,WAGMIGAMES,USDT
DETF,DETF,USDT
RIFSOL,RIFSOL,USDT
G,G,USDT
BSCPAD,BSCPAD,USDT
COQ,COQ,USDT
CTXC,CTXC,USDT
HRSE,HRSE,USDT
PHOTO,PHOTO,USDT
PZP,PZP,USDT
INS,INS,USDT
RIO,RIO,USDT
CATDOG,CATDOG,USDT
TPT,TPT,USDT
TUSD,TUSD,USDT
DENTX,DENTX,USDT
VON,VON,USDT
CGPT,CGPT,USDC
OPTIMUS,OPTIMUS,USDT
FX,FX,USDT
KOLZ,KOLZ,USDT
KOI,KOI,USDT
GAT,GAT,USDT
PAXG,PAXG,USDT
SITY,SITY,USDT
ZENIX,ZENIX,USDT
AMI,AMI,USDT
MATH,MATH,USDT
AGRS,AGRS,USDT
FWC,FWC,USDT
BCX,BCX,USDT
APE,APE,USDC
DAOX,DAOX,USDT
SHIRYO,SHIRYO,USDT
EVRY,EVRY,USDT
KAIA,KAIA,USDC
GCB,GCB,USDT
KNC,KNC,USDT
DVI,DVI,USDT
STRUMP,STRUMP,USDT
ML,ML,USDT
XAI2,XAI2,USDT
SUI,SUI,USDC
EARNM,EARNM,USDT
NEO,NEO,USDT
DEEP,DEEP,USDT
BRAWL,BRAWL,USDT
VANA,VANA,USDT
NEIROETH,NEIROETH,USDT
RETS,RETS,USDT
EGLD,EGLD,USDT
LWOLF,LWOLF,USDT
INJ,INJ,USDC
CLORE,CLORE,USDT
WIN,WIN,USDT
TAVA,TAVA,USDT
MEGALAND,MEGALAND,USDT
AGON,AGON,USDT
WQUIL,WQUIL,USDT
LTC,LTC,USDT
MUSIC,MUSIC,USDT
BABYTIGER,BABYTIGER,USDT
CGPU,CGPU,USDT
AICE,AICE,USDT
LFG,LFG,USDT
EQB,EQB,USDT
IOTA,IOTA,USDT
XI,XI,USDT
SOUTH,SOUTH,USDT
HOLDVIP,HOLDVIP,USDT
LRC,LRC,USDT
MBOX,MBOX,USDT
ETERNAL,ETERNAL,USDT
MAGASOL,MAGASOL,USDT
BLUEMOVE,BLUEMOVE,USDT
MCG,MCG,USDT
DMTR,DMTR,USDT
SFM,SFM,USDT
MILO,MILO,USDT
CNG,CNG,USDT
PACK,PACK,USDT
SHOOT,SHOOT,USDT
OAS,OAS,USDT
AQA,AQA,USDT
KAYEN,KAYEN,USDT
TORN,TORN,USDT
ENJ,ENJ,USDT
RWN,RWN,USDT
LRDS,LRDS,USDT
FLT,FLT,USDT
AURORA,AURORA,USDT
LUNA,LUNA,USDT
BOTTO,BOTTO,USDT
NEOX,NEOX,USDT
ANDYBSC,ANDYBSC,USDT
RADAR,RADAR,USDT
FLDT,FLDT,USDT
ROOST,ROOST,USDT
TIM,TIM,USDT
